取引日,出金金額（円）,入金金額（円）,海外出金金額,通貨,変換レート（円）,利用国,取引内容,取引先,取引方法,支払い区分,利用者,取引番号
2025/12/30 18:33:22,"2,000",-,-,-,-,-,送った金額,村田雅弥,PayPay残高,-,-,02167432925636018186
2025/12/30 18:33:20,-,"3,000",-,-,-,-,チャージ,PayPay,ゆうちょ銀行 *****41,-,-,02167432908456304652
2025/12/30 17:29:17,"10,000",-,-,-,-,-,送った金額,村田雅弥,PayPay残高,-,-,02167399897335840770
2025/12/30 17:29:14,-,"10,000",-,-,-,-,チャージ,PayPay,ゆうちょ銀行 *****41,-,-,02167399871567855644
2025/12/30 17:10:29,"3,850",-,-,-,-,-,支払い,HAKADORU　渋谷店 - HAKADORU　渋谷店,PayPay残高,-,-,04878538495828787202
2025/12/30 17:10:29,-,38,-,-,-,-,ポイント、残高の獲得,HAKADORU　渋谷店,PayPayポイント,-,-,04878538495828787202
2025/12/30 17:10:24,-,"1,000",-,-,-,-,チャージ,PayPay,ゆうちょ銀行 *****41,-,-,02167390164942086151
2025/12/30 10:52:43,140,-,-,-,-,-,支払い,ヤマト運輸 - 三軒茶屋営業所（受付）,"PayPayポイント (28円), PayPay残高 (112円)",-,-,04878343796371595269
2025/12/29 19:56:27,"3,850",-,-,-,-,-,支払い,HAKADORU　渋谷店 - HAKADORU　渋谷店,PayPay残高,-,-,04877881864049164292
2025/12/29 19:56:27,-,38,-,-,-,-,ポイント、残高の獲得,HAKADORU　渋谷店,PayPayポイント,-,-,04877881864049164292
2025/12/29 19:56:21,-,"5,000",-,-,-,-,チャージ,PayPay,ゆうちょ銀行 *****41,-,-,02166733524571766822
2025/12/29 14:49:38,-,6,-,-,-,-,ポイント、残高の獲得,マクドナルドモバイルオーダー,PayPayポイント,-,-,04877723654633578506
2025/12/29 14:49:30,770,-,-,-,-,-,支払い,マクドナルドモバイルオーダー,PayPay残高,-,-,04877723654633578506
2025/12/29 14:49:28,-,"3,000",-,-,-,-,チャージ,PayPay,ゆうちょ銀行 *****41,-,-,02166575358106091548
2025/12/29 09:46:06,180,-,-,-,-,-,支払い,ヤマト運輸 - 三軒茶屋営業所（受付）,"PayPayポイント (44円), PayPay残高 (136円)",-,-,04877567292053610499
2025/12/27 15:08:33,140,-,-,-,-,-,支払い,ヤマト運輸 - 三軒茶屋営業所（受付）,"PayPayポイント (9円), PayPay残高 (131円)",-,-,04876249140821008385
2025/12/26 13:14:41,40,-,-,-,-,-,支払い,ヤマト運輸 - 三軒茶屋営業所（受付）,"PayPayポイント (27円), PayPay残高 (13円)",-,-,04875448275449298949
2025/12/23 19:41:50,60,-,-,-,-,-,支払い,ヤマト運輸 - 三軒茶屋営業所（受付）,"PayPayポイント (17円), PayPay残高 (43円)",-,-,04873421299993944074
2025/12/23 02:17:22,627,-,-,-,-,-,支払い,セブン-イレブン - 世田谷上馬２丁目,PayPay残高,-,-,04872882985972875264
2025/12/23 02:17:21,-,6,-,-,-,-,ポイント、残高の獲得,セブン-イレブン,PayPayポイント,-,-,04872882985972875264
2025/12/22 17:30:08,120,-,-,-,-,-,支払い,ヤマト運輸 - 三軒茶屋営業所（受付）,PayPay残高,-,-,04872611251981778947
2025/12/22 17:29:47,-,"1,000",-,-,-,-,チャージ,PayPay,ゆうちょ銀行 *****41,-,-,02161462800835698697
2025/12/22 12:36:58,-,8,-,-,-,-,ポイント、残高の獲得,セブン-イレブン,PayPayポイント,-,-,04872460155032313859
2025/12/22 12:36:58,875,-,-,-,-,-,支払い,セブン-イレブン - 世田谷上馬２丁目,"PayPayポイント (42円), PayPay残高 (833円)",-,-,04872460155032313859
2025/12/22 12:36:53,-,"1,000",-,-,-,-,チャージ,PayPay,ゆうちょ銀行 *****41,-,-,02161311841325080583
2025/12/21 22:01:50,633,-,-,-,-,-,支払い,セブン-イレブン - 世田谷上馬２丁目,PayPay残高,-,-,04872009123336847360
2025/12/21 22:01:50,-,6,-,-,-,-,ポイント、残高の獲得,セブン-イレブン,PayPayポイント,-,-,04872009123336847360
2025/12/21 22:01:46,-,"1,000",-,-,-,-,チャージ,PayPay,ゆうちょ銀行 *****41,-,-,02160860809629474823
2025/12/21 16:27:01,574,-,-,-,-,-,支払い,セブン-イレブン - 世田谷三軒茶屋２丁目,PayPay残高,-,-,04871836560140361730
2025/12/21 16:27:01,-,4,-,-,-,-,ポイント、残高の獲得,セブン-イレブン,PayPayポイント,-,-,04871836560140361730
2025/12/21 15:22:45,115,-,-,-,-,-,支払い,セリア - 2441西友三軒茶屋店,"PayPayポイント (5円), PayPay残高 (110円)",-,-,04871803437352845312
2025/12/21 01:11:36,930,-,-,-,-,-,支払い,セブン-イレブン - 世田谷上馬２丁目,PayPay残高,-,-,04871364757983379457
2025/12/21 01:11:36,-,8,-,-,-,-,ポイント、残高の獲得,セブン-イレブン,PayPayポイント,-,-,04871364757983379457
2025/12/21 01:11:30,-,"1,000",-,-,-,-,チャージ,PayPay,ゆうちょ銀行 *****41,-,-,02160216427096154115
2025/12/20 20:37:37,-,6,-,-,-,-,ポイント、残高の獲得,セブン-イレブン,PayPayポイント,-,-,04871223539458621444
2025/12/20 20:37:37,648,-,-,-,-,-,支払い,セブン-イレブン - 世田谷三軒茶屋２丁目,PayPay残高,-,-,04871223539458621444
2025/12/20 20:37:33,-,"1,000",-,-,-,-,チャージ,PayPay,ゆうちょ銀行 *****41,-,-,02160075225751347207
2025/12/20 16:19:21,416,-,-,-,-,-,支払い,ファミリーマート - 矢向駅西,"PayPayポイント (30円), PayPay残高 (386円)",-,-,04871090438422347776
2025/12/20 16:19:21,-,2,-,-,-,-,ポイント、残高の獲得,ファミリーマート,PayPayポイント,-,-,04871090438422347776
2025/12/20 00:23:39,914,-,-,-,-,-,支払い,セブン-イレブン - 世田谷上馬２丁目,PayPay残高,-,-,04870597865802792961
2025/12/20 00:23:38,-,8,-,-,-,-,ポイント、残高の獲得,セブン-イレブン,PayPayポイント,-,-,04870597865802792961
2025/12/20 00:23:22,-,"1,000",-,-,-,-,チャージ,PayPay,ゆうちょ銀行 *****41,-,-,02159449440426483721
2025/12/19 19:28:48,-,6,-,-,-,-,ポイント、残高の獲得,ファミリーマート,PayPayポイント,-,-,04870445901269606405
2025/12/19 19:28:48,778,-,-,-,-,-,支払い,ファミリーマート - 三軒茶屋二丁目,PayPay残高,-,-,04870445901269606405
2025/12/19 19:28:44,-,"1,000",-,-,-,-,チャージ,PayPay,ゆうちょ銀行 *****41,-,-,02159297596152561682
2025/12/19 14:42:27,-,2,-,-,-,-,ポイント、残高の獲得,ファミリーマート,PayPayポイント,-,-,04870298317603479555
2025/12/19 14:42:27,348,-,-,-,-,-,支払い,ファミリーマート - 渋谷ガーデンフロント,"PayPayポイント (7円), PayPay残高 (341円)",-,-,04870298317603479555
2025/12/18 18:49:15,808,-,-,-,-,-,支払い,ファミリーマート - 三軒茶屋二丁目,PayPay残高,-,-,04869683347005833218
2025/12/18 18:49:14,-,8,-,-,-,-,ポイント、残高の獲得,ファミリーマート,PayPayポイント,-,-,04869683347005833218
2025/12/18 18:49:08,-,"1,000",-,-,-,-,チャージ,PayPay,ゆうちょ銀行 *****41,-,-,02158535016119255057
2025/12/18 14:39:14,110,-,-,-,-,-,支払い,セリア - 2441西友三軒茶屋店,"PayPayポイント (6円), PayPay残高 (104円)",-,-,04869554497987698689
2025/12/17 18:30:56,514,-,-,-,-,-,支払い,セブン-イレブン - 世田谷三軒茶屋２丁目,"PayPayポイント (8円), PayPay残高 (506円)",-,-,04868931744909516801
2025/12/17 18:30:56,-,4,-,-,-,-,ポイント、残高の獲得,セブン-イレブン,PayPayポイント,-,-,04868931744909516801
2025/12/17 18:30:48,-,"1,000",-,-,-,-,チャージ,PayPay,ゆうちょ銀行 *****41,-,-,02157783396842446862
2025/12/17 01:44:18,461,-,-,-,-,-,支払い,ファミリーマート - 三軒茶屋二丁目,"PayPayポイント (11円), PayPay残高 (450円)",-,-,04868412930039365632
2025/12/17 01:44:18,-,4,-,-,-,-,ポイント、残高の獲得,ファミリーマート,PayPayポイント,-,-,04868412930039365632
2025/12/16 17:18:45,-,6,-,-,-,-,ポイント、残高の獲得,セブン-イレブン,PayPayポイント,-,-,04868152362962165763
2025/12/16 17:18:45,657,-,-,-,-,-,支払い,セブン-イレブン - 世田谷三軒茶屋２丁目,"PayPayポイント (35円), PayPay残高 (622円)",-,-,04868152362962165763
2025/12/16 17:18:41,-,"1,000",-,-,-,-,チャージ,PayPay,ゆうちょ銀行 *****41,-,-,02157004049256783878
2025/12/16 13:35:00,"4,950",-,-,-,-,JP,送った金額,オノ,PayPay残高,-,-,02156888772334804992
2025/12/16 13:34:03,-,"5,000",-,-,-,-,チャージ,PayPay,ゆうちょ銀行 *****41,-,-,02156888282708344835
2025/12/15 21:06:49,941,-,-,-,-,-,支払い,セブン-イレブン - 世田谷上馬２丁目,PayPay残高,-,-,04867527745869160450
2025/12/15 21:06:49,-,8,-,-,-,-,ポイント、残高の獲得,セブン-イレブン,PayPayポイント,-,-,04867527745869160450
2025/12/15 21:06:42,-,"1,000",-,-,-,-,チャージ,PayPay,ゆうちょ銀行 *****41,-,-,02156379406393237512
2025/12/15 14:53:12,831,-,-,-,-,-,支払い,西友 - 三軒茶屋店,"PayPayポイント (5円), PayPay残高 (826円)",-,-,04867335185305427970
2025/12/15 14:53:12,-,8,-,-,-,-,ポイント、残高の獲得,西友,PayPayポイント,-,-,04867335185305427970
2025/12/14 18:00:22,-,6,-,-,-,-,ポイント、残高の獲得,セブン-イレブン,PayPayポイント,-,-,04866689471331696647
2025/12/14 18:00:22,645,-,-,-,-,-,支払い,セブン-イレブン - 世田谷上馬２丁目,PayPay残高,-,-,04866689471331696647
2025/12/14 17:12:32,138,-,-,-,-,-,支払い,セブン-イレブン - 世田谷区役所前,"PayPayポイント (9円), PayPay残高 (129円)",-,-,04866664826809737218
2025/12/13 21:06:17,-,30,-,-,-,-,ポイント、残高の獲得,ヤマダデンキ,PayPayポイント,-,-,04866043121702682627
2025/12/13 21:06:17,"3,069",-,-,-,-,-,支払い,ヤマダデンキ - LABI渋谷,PayPay残高,-,-,04866043121702682627
2025/12/13 11:59:03,744,-,-,-,-,-,支払い,セブン-イレブン - 世田谷上馬２丁目,"PayPayポイント (18円), PayPay残高 (726円)",-,-,04865761088380870657
2025/12/13 11:59:03,-,6,-,-,-,-,ポイント、残高の獲得,セブン-イレブン,PayPayポイント,-,-,04865761088380870657
2025/12/13 00:53:45,676,-,-,-,-,-,支払い,ファミリーマート - 三軒茶屋二丁目,PayPay残高,-,-,04865418195371646976
2025/12/13 00:53:45,-,6,-,-,-,-,ポイント、残高の獲得,ファミリーマート,PayPayポイント,-,-,04865418195371646976
2025/12/13 00:53:42,-,"6,000",-,-,-,-,チャージ,PayPay,ゆうちょ銀行 *****41,-,-,02154269881666150414
2025/12/12 20:00:56,537,-,-,-,-,-,支払い,セブン-イレブン - 世田谷上馬２丁目,PayPay残高,-,-,04865267278811283458
2025/12/12 20:00:56,-,4,-,-,-,-,ポイント、残高の獲得,セブン-イレブン,PayPayポイント,-,-,04865267278811283458
2025/12/12 13:55:40,-,10,-,-,-,-,ポイント、残高の獲得,西友,PayPayポイント,-,-,04865079013214330887
2025/12/12 13:55:40,"1,116",-,-,-,-,-,支払い,西友 - 三軒茶屋店,"PayPayポイント (10円), PayPay残高 (1,106円)",-,-,04865079013214330887
2025/12/11 23:23:46,-,4,-,-,-,-,ポイント、残高の獲得,ファミリーマート,PayPayポイント,-,-,04864629639376281602
2025/12/11 23:23:46,536,-,-,-,-,-,支払い,ファミリーマート - 三軒茶屋二丁目,PayPay残高,-,-,04864629639376281602
2025/12/11 21:29:39,226,-,-,-,-,-,支払い,ファミリーマート - 成田空港駅,"PayPayポイント (134円), PayPay残高 (92円)",-,-,04864570832684204032
2025/12/03 19:53:12,-,"2,000",-,-,-,-,チャージ,PayPay,ゆうちょ銀行 *****41,-,-,02147435472005840916
2025/12/02 10:42:14,487,-,-,-,-,-,支払い,ローソン - 成田国際空港第３旅客ターミナル,"PayPayポイント (7円), PayPay残高 (480円)",-,-,04857557623534419970
2025/12/02 10:42:14,-,4,-,-,-,-,ポイント、残高の獲得,ローソン,PayPayポイント,-,-,04857557623534419970
2025/12/02 01:10:29,-,2,-,-,-,-,ポイント、残高の獲得,ファミリーマート,PayPayポイント,-,-,04857262937237536770
2025/12/02 01:10:29,399,-,-,-,-,-,支払い,ファミリーマート - 三軒茶屋二丁目,PayPay残高,-,-,04857262937237536770
2025/12/02 01:10:23,-,"1,000",-,-,-,-,チャージ,PayPay,ゆうちょ銀行 *****41,-,-,02146114614943481856
2025/12/01 18:47:24,-,3,-,-,-,-,ポイント、残高の獲得,セブン-イレブン,PayPayポイント,-,-,04857065497591357448
2025/12/01 18:47:24,645,-,-,-,-,-,支払い,セブン-イレブン - 世田谷三軒茶屋２丁目,PayPay残高,-,-,04857065497591357448
2025/12/01 18:38:57,"1,696",-,-,-,-,-,支払い,西友 - 三軒茶屋店,PayPay残高,-,-,04857061151084224512
2025/12/01 18:38:57,-,8,-,-,-,-,ポイント、残高の獲得,西友,PayPayポイント,-,-,04857061151084224512
2025/12/01 18:38:48,-,"1,000",-,-,-,-,チャージ,PayPay,ゆうちょ銀行 *****41,-,-,02145912785840308236
2025/12/01 18:27:46,223,-,-,-,-,-,支払い,セリア - 2441西友三軒茶屋店,PayPay残高,-,-,04857055378648735748
2025/12/01 18:27:45,-,1,-,-,-,-,ポイント、残高の獲得,セリア,PayPayポイント,-,-,04857055378648735748
2025/12/01 12:51:58,-,3,-,-,-,-,ポイント、残高の獲得,ファミリーマート,PayPayポイント,-,-,04856882308646600706
2025/12/01 12:51:58,708,-,-,-,-,-,支払い,ファミリーマート - 三軒茶屋二丁目,"PayPayポイント (23円), PayPay残高 (685円)",-,-,04856882308646600706
2025/12/01 12:51:54,-,"2,000",-,-,-,-,チャージ,PayPay,ゆうちょ銀行 *****41,-,-,02145733994941677588
2025/12/01 00:10:38,-,2,-,-,-,-,ポイント、残高の獲得,ファミリーマート,PayPayポイント,-,-,04856489920434307073
2025/12/01 00:10:38,438,-,-,-,-,-,支払い,ファミリーマート - 三軒茶屋二丁目,PayPay残高,-,-,04856489920434307073
2025/11/30 19:36:24,367,-,-,-,-,-,支払い,セブン-イレブン - 世田谷上馬２丁目,PayPay残高,-,-,04856348590240137218
2025/11/30 19:36:24,-,1,-,-,-,-,ポイント、残高の獲得,セブン-イレブン,PayPayポイント,-,-,04856348590240137218
2025/11/30 19:36:20,-,"1,000",-,-,-,-,チャージ,PayPay,ゆうちょ銀行 *****41,-,-,02145200276535754756
2025/11/30 19:17:59,-,4,-,-,-,-,ポイント、残高の獲得,吉野家,PayPayポイント,-,-,04856339089772519432
2025/11/30 19:17:59,844,-,-,-,-,-,支払い,吉野家 - 三軒茶屋店,"PayPayポイント (4円), PayPay残高 (840円)",-,-,04856339089772519432
2025/11/30 02:58:13,"4,680",-,-,-,-,-,支払い,鳥貴族 - 鳥貴族　三軒茶屋店,"PayPayポイント (55円), PayPay残高 (4,625円)",-,-,04855834130467815424
2025/11/30 02:58:13,-,23,-,-,-,-,ポイント、残高の獲得,鳥貴族,PayPayポイント,-,-,04855834130467815424
2025/11/30 02:58:05,-,"5,000",-,-,-,-,チャージ,PayPay,ゆうちょ銀行 *****41,-,-,02144685782403268610
2025/11/29 23:09:31,239,-,-,-,-,-,支払い,セブン-イレブン - 世田谷上馬２丁目,PayPay残高,-,-,04855716259384606720
2025/11/29 23:09:31,-,1,-,-,-,-,ポイント、残高の獲得,セブン-イレブン,PayPayポイント,-,-,04855716259384606720
2025/11/29 16:30:14,-,2,-,-,-,-,ポイント、残高の獲得,東急ストア,PayPayポイント,-,-,04855510461732339717
2025/11/29 16:30:14,484,-,-,-,-,-,支払い,東急ストア - 三軒茶屋東急ストア　アンデルセン,PayPay残高,-,-,04855510461732339717
2025/11/29 16:29:11,-,"1,000",-,-,-,-,チャージ,PayPay,ゆうちょ銀行 *****41,-,-,02144361649811660811
2025/11/29 16:19:42,113,-,-,-,-,-,支払い,セリア - 2441西友三軒茶屋店,PayPay残高,-,-,04855505041483268099
2025/11/29 14:32:53,598,-,-,-,-,-,支払い,セブン-イレブン - 世田谷上馬２丁目,"PayPayポイント (3円), PayPay残高 (595円)",-,-,04855449980002615301
2025/11/29 14:32:52,-,2,-,-,-,-,ポイント、残高の獲得,セブン-イレブン,PayPayポイント,-,-,04855449980002615301
2025/11/29 14:32:45,-,"1,000",-,-,-,-,チャージ,PayPay,ゆうちょ銀行 *****41,-,-,02144301640528306178
2025/11/29 04:19:28,"3,500",-,-,-,-,-,送った金額,宮元健斗だよ,PayPay残高,-,-,02143985556705296384
2025/11/29 04:19:26,-,"3,000",-,-,-,-,チャージ,PayPay,ゆうちょ銀行 *****41,-,-,02143985539525263362
2025/11/28 23:49:00,-,30,-,-,-,-,ポイント、残高の獲得,ASOBIBAR,PayPayポイント,-,-,04854994430001250306
2025/11/28 23:49:00,"6,000",-,-,-,-,-,支払い,ASOBIBAR - 新宿歌舞伎町タワー前店,PayPay残高,-,-,04854994430001250306
2025/11/28 23:48:43,-,"1,000",-,-,-,-,チャージ,PayPay,ゆうちょ銀行 *****41,-,-,02143846013217710080
2025/11/28 17:37:17,-,3,-,-,-,-,ポイント、残高の獲得,ファミリーマート,PayPayポイント,-,-,04854802848689790980
2025/11/28 17:37:17,771,-,-,-,-,-,支払い,ファミリーマート - 三軒茶屋二丁目,PayPay残高,-,-,04854802848689790980
2025/11/28 12:14:17,-,6,-,-,-,-,ポイント、残高の獲得,anydeli,PayPayポイント,-,-,04854636375758192652
2025/11/28 12:14:16,"1,380",-,-,-,-,-,支払い,anydeli,PayPay残高,-,-,04854636375758192652
2025/11/27 23:03:45,"4,290",-,-,-,-,-,送った金額,栗原健太郎,PayPay残高,-,-,02143080667224424453
2025/11/27 19:49:42,-,8,-,-,-,-,ポイント、残高の獲得,渋谷スクランブルスクエア,PayPayポイント,-,-,04854128925372219397
2025/11/27 19:49:42,"1,620",-,-,-,-,-,支払い,渋谷スクランブルスクエア - Butter Butler,PayPay残高,-,-,04854128925372219397
2025/11/27 16:03:26,230,-,-,-,-,-,支払い,ローソン - Ａｂｅｍａ　Ｔｏｗｅｒｓ,"PayPayポイント (14円), PayPay残高 (216円)",-,-,04854012317010026496
2025/11/27 16:03:26,-,1,-,-,-,-,ポイント、残高の獲得,ローソン,PayPayポイント,-,-,04854012317010026496
2025/11/26 21:39:15,-,"6,900",-,-,-,JP,受け取った金額,杏海,PayPay残高,-,-,02142294937317425158
2025/11/26 21:38:47,-,"6,866",-,-,-,JP,受け取った金額,ok,PayPay残高,-,-,02142294705390002176
2025/11/25 23:44:31,592,-,-,-,-,-,支払い,ファミリーマート - 三軒茶屋二丁目,PayPay残高,-,-,04852765616853123073
2025/11/25 23:44:31,-,2,-,-,-,-,ポイント、残高の獲得,ファミリーマート,PayPayポイント,-,-,04852765616853123073
2025/11/25 18:07:28,-,4,-,-,-,-,ポイント、残高の獲得,セブン-イレブン,PayPayポイント,-,-,04852591894015803401
2025/11/25 18:07:28,849,-,-,-,-,-,支払い,セブン-イレブン - 世田谷上馬２丁目,PayPay残高,-,-,04852591894015803401
2025/11/25 18:07:23,-,"1,000",-,-,-,-,チャージ,PayPay,ゆうちょ銀行 *****41,-,-,02141443571721134094
2025/11/25 12:43:36,"2,000",-,-,-,-,JP,送った金額,🧌,PayPay残高,-,-,02141276695061905414
2025/11/25 06:07:43,523,-,-,-,-,-,支払い,ファミリーマート - 三軒茶屋二丁目,PayPay残高,-,-,04852220946280071169
2025/11/25 06:07:43,-,2,-,-,-,-,ポイント、残高の獲得,ファミリーマート,PayPayポイント,-,-,04852220946280071169
2025/11/25 05:39:45,-,2,-,-,-,-,ポイント、残高の獲得,カラオケルーム歌広場,PayPayポイント,-,-,04852206523779997696
2025/11/25 05:39:45,550,-,-,-,-,-,支払い,カラオケルーム歌広場 - 歌広場 新宿区役所前店,"PayPayポイント (13円), PayPay残高 (537円)",-,-,04852206523779997696
2025/11/24 17:18:40,30,-,-,-,-,-,支払い,ユニクロ - キャロットタワー三軒茶屋とうきゅう店,PayPay残高,-,-,04851824580928192515
2025/11/24 07:13:57,"3,486",-,-,-,-,-,支払い,阿蘇くまもと空港 - 熊本エアポートサービス　3階,"PayPayポイント (29円), PayPay残高 (3,457円)",-,-,04851512912331513856
2025/11/24 07:13:57,-,17,-,-,-,-,ポイント、残高の獲得,阿蘇くまもと空港,PayPayポイント,-,-,04851512912331513856
2025/11/24 07:13:48,-,"5,000",-,-,-,-,チャージ,PayPay,ゆうちょ銀行 *****41,-,-,02140364547087392778
2025/11/23 21:23:53,-,17,-,-,-,-,ポイント、残高の獲得,Qoo10,PayPayポイント,-,-,04851208759927341056
2025/11/23 21:23:49,"3,424",-,-,-,-,-,支払い,Qoo10,"PayPayポイント (5円), PayPay残高 (3,419円)",-,-,04851208759927341056
2025/11/23 15:17:06,-,"3,000",-,-,-,-,チャージ,PayPay,ゆうちょ銀行 *****41,-,-,02139871467662090265
2025/11/22 16:25:07,"1,242",-,-,-,-,-,支払い,日本空港ビルデング - 00東京食賓館Ｂ,PayPay残高,-,-,04850312640770441218
2025/11/22 16:25:07,-,6,-,-,-,-,ポイント、残高の獲得,日本空港ビルデング,PayPayポイント,-,-,04850312640770441218
2025/11/22 16:24:13,"1,296",-,-,-,-,-,支払い,日本空港ビルデング - 00東京食賓館Ｂ,PayPay残高,-,-,04850312176914563078
2025/11/22 16:24:13,-,6,-,-,-,-,ポイント、残高の獲得,日本空港ビルデング,PayPayポイント,-,-,04850312176914563078
2025/11/22 16:23:09,"1,296",-,-,-,-,-,支払い,日本空港ビルデング - 00東京食賓館Ｂ,"PayPayポイント (7円), PayPay残高 (1,289円)",-,-,04850311627158552577
2025/11/22 16:23:09,-,6,-,-,-,-,ポイント、残高の獲得,日本空港ビルデング,PayPayポイント,-,-,04850311627158552577
2025/11/22 16:23:05,-,"5,000",-,-,-,-,チャージ,PayPay,ゆうちょ銀行 *****41,-,-,02139163304864169996
2025/11/22 01:39:17,"4,900",-,-,-,-,-,支払い,Cafe ＆ SHISHA BAR oranger,PayPay残高,-,-,04849856085747154948
2025/11/22 01:39:17,-,24,-,-,-,-,ポイント、残高の獲得,Cafe ＆ SHISHA BAR oranger,PayPayポイント,-,-,04849856085747154948
2025/11/22 01:38:25,-,"5,000",-,-,-,-,チャージ,PayPay,ゆうちょ銀行 *****41,-,-,02138707351136108544
2025/11/21 21:15:57,391,-,-,-,-,-,支払い,セブン-イレブン - 世田谷上馬２丁目,PayPay残高,-,-,04849720364780421120
2025/11/21 21:15:57,-,1,-,-,-,-,ポイント、残高の獲得,セブン-イレブン,PayPayポイント,-,-,04849720364780421120
2025/11/21 17:34:29,-,4,-,-,-,-,ポイント、残高の獲得,セブン-イレブン,PayPayポイント,-,-,04849606213139456009
2025/11/21 17:34:29,875,-,-,-,-,-,支払い,セブン-イレブン - 世田谷三軒茶屋２丁目,"PayPayポイント (1円), PayPay残高 (874円)",-,-,04849606213139456009
2025/11/21 03:35:01,"2,050",-,-,-,-,-,送った金額,村田雅弥,PayPay残高,-,-,02138025284558594048
2025/11/21 03:34:59,-,"3,000",-,-,-,-,チャージ,PayPay,ゆうちょ銀行 *****41,-,-,02138025258789806080
2025/11/21 02:02:53,-,350,-,-,-,JP,受け取った金額,村田雅弥,PayPay残高,-,-,02137977799401054208
2025/11/21 01:49:58,-,550,-,-,-,JP,受け取った金額,村田雅弥,PayPay残高,-,-,02137971133611057156
2025/11/20 22:44:16,"5,500",-,-,-,-,-,支払い,ASOBIBAR - 渋谷横丁前店,PayPay残高,-,-,04849023712495181826
2025/11/20 22:44:16,-,27,-,-,-,-,ポイント、残高の獲得,ASOBIBAR,PayPayポイント,-,-,04849023712495181826
2025/11/20 22:44:14,-,"5,000",-,-,-,-,チャージ,PayPay,ゆうちょ銀行 *****41,-,-,02137875415970783244
2025/11/20 22:12:59,"5,000",-,-,-,-,-,送った金額,村田雅弥,PayPay残高,-,-,02137859309842481152
2025/11/20 22:12:57,-,"5,000",-,-,-,-,チャージ,PayPay,ゆうちょ銀行 *****41,-,-,02137859292663619589
2025/11/20 11:49:53,727,-,-,-,-,-,支払い,ローソン - Ａｂｅｍａ　Ｔｏｗｅｒｓ,"PayPayポイント (5円), PayPay残高 (722円)",-,-,04848686445893935104
2025/11/20 11:49:53,-,3,-,-,-,-,ポイント、残高の獲得,ローソン,PayPayポイント,-,-,04848686445893935104
2025/11/19 19:31:22,608,-,-,-,-,-,支払い,ローソン - Ａｂｅｍａ　Ｔｏｗｅｒｓ,PayPay残高,-,-,04848182122243825665
2025/11/19 19:31:22,-,3,-,-,-,-,ポイント、残高の獲得,ローソン,PayPayポイント,-,-,04848182122243825665
2025/11/19 14:52:57,230,-,-,-,-,-,支払い,ローソン - Ａｂｅｍａ　Ｔｏｗｅｒｓ,PayPay残高,-,-,04848038627385901056
2025/11/19 14:52:57,-,1,-,-,-,-,ポイント、残高の獲得,ローソン,PayPayポイント,-,-,04848038627385901056
2025/11/19 13:58:05,632,-,-,-,-,-,支払い,ローソン - Ａｂｅｍａ　Ｔｏｗｅｒｓ,"PayPayポイント (10円), PayPay残高 (622円)",-,-,04848010340731576324
2025/11/19 13:58:04,-,3,-,-,-,-,ポイント、残高の獲得,ローソン,PayPayポイント,-,-,04848010340731576324
2025/11/18 18:47:44,497,-,-,-,-,-,支払い,ローソン - Ａｂｅｍａ　Ｔｏｗｅｒｓ,"PayPayポイント (2円), PayPay残高 (495円)",-,-,04847417463446347780
2025/11/18 18:47:44,-,2,-,-,-,-,ポイント、残高の獲得,ローソン,PayPayポイント,-,-,04847417463446347780
2025/11/18 03:04:21,987,-,-,-,-,-,支払い,ファミリーマート - 三軒茶屋二丁目,PayPay残高,-,-,04846931238788390913
2025/11/18 03:04:20,-,4,-,-,-,-,ポイント、残高の獲得,ファミリーマート,PayPayポイント,-,-,04846931238788390913
2025/11/17 19:57:22,925,-,-,-,-,-,支払い,ファミリーマート - 三軒茶屋二丁目,PayPay残高,-,-,04846711181842751489
2025/11/17 19:57:22,-,4,-,-,-,-,ポイント、残高の獲得,ファミリーマート,PayPayポイント,-,-,04846711181842751489
2025/11/17 12:24:52,-,1,-,-,-,-,ポイント、残高の獲得,ローソン,PayPayポイント,-,-,04846477956528652300
2025/11/17 12:24:52,392,-,-,-,-,-,支払い,ローソン - Ａｂｅｍａ　Ｔｏｗｅｒｓ,PayPay残高,-,-,04846477956528652300
2025/11/17 11:57:58,-,11,-,-,-,-,ポイント、残高の獲得,ミネドラッグ,PayPayポイント,-,-,04846464092374392836
2025/11/17 11:57:58,"2,310",-,-,-,-,-,支払い,ミネドラッグ - ミネドラッグ　三軒茶屋店,"PayPayポイント (3円), PayPay残高 (2,307円)",-,-,04846464092374392836
2025/11/17 00:13:15,749,-,-,-,-,-,支払い,ファミリーマート - 三軒茶屋二丁目,PayPay残高,-,-,04846100892760498176
2025/11/17 00:13:15,-,3,-,-,-,-,ポイント、残高の獲得,ファミリーマート,PayPayポイント,-,-,04846100892760498176
2025/11/16 21:24:36,-,1,-,-,-,-,ポイント、残高の獲得,セブン-イレブン,PayPayポイント,-,-,04846013962621648896
2025/11/16 21:24:36,366,-,-,-,-,-,支払い,セブン-イレブン - 世田谷上馬２丁目,PayPay残高,-,-,04846013962621648896
2025/11/16 21:19:38,"10,500",-,-,-,-,-,送った金額,村田雅弥,PayPay残高,-,-,02134863132066783232
2025/11/16 21:19:36,-,"20,000",-,-,-,-,チャージ,PayPay,ゆうちょ銀行 *****41,-,-,02134863114887962624
2025/11/16 18:02:33,844,-,-,-,-,-,支払い,吉野家 - 三軒茶屋店,"PayPayポイント (11円), PayPay残高 (833円)",-,-,04845909826844688389
2025/11/16 18:02:32,-,4,-,-,-,-,ポイント、残高の獲得,吉野家,PayPayポイント,-,-,04845909826844688389
2025/11/16 18:02:19,-,"1,000",-,-,-,-,チャージ,PayPay,ゆうちょ銀行 *****41,-,-,02134761427242336273
2025/11/16 01:10:56,-,30,-,-,-,-,ポイント、残高の獲得,ASOBIBAR,PayPayポイント,-,-,04845388443585093633
2025/11/16 01:10:56,"6,000",-,-,-,-,-,支払い,ASOBIBAR - 新宿歌舞伎町タワー前店,PayPay残高,-,-,04845388443585093633
2025/11/16 01:10:33,-,"6,000",-,-,-,-,チャージ,PayPay,ゆうちょ銀行 *****41,-,-,02134239975262920704
2025/11/16 01:03:33,320,-,-,-,-,-,送った金額,宮元健斗だよ,PayPay残高,-,-,02134236367489343488
2025/11/15 17:32:45,-,1,-,-,-,-,ポイント、残高の獲得,セブン-イレブン,PayPayポイント,-,-,04845152297693233153
2025/11/15 17:32:45,302,-,-,-,-,-,支払い,セブン-イレブン - 世田谷上馬２丁目,PayPay残高,-,-,04845152297693233153
2025/11/15 12:59:47,-,4,-,-,-,-,ポイント、残高の獲得,ファミリーマート,PayPayポイント,-,-,04845011611744141326
2025/11/15 12:59:47,882,-,-,-,-,-,支払い,ファミリーマート - 三軒茶屋二丁目,"PayPayポイント (5円), PayPay残高 (877円)",-,-,04845011611744141326
2025/11/14 22:35:39,185,-,-,-,-,-,支払い,ファミリーマート - 三軒茶屋二丁目,PayPay残高,-,-,04844566249406005249
2025/11/14 18:41:08,871,-,-,-,-,-,支払い,ファミリーマート - 三軒茶屋二丁目,PayPay残高,-,-,04844445380435869697
2025/11/14 18:41:08,-,4,-,-,-,-,ポイント、残高の獲得,ファミリーマート,PayPayポイント,-,-,04844445380435869697
2025/11/14 11:40:43,"1,081",-,-,-,-,-,支払い,セブン-イレブン - 世田谷上馬２丁目,"PayPayポイント (9円), PayPay残高 (1,072円)",-,-,04844228690746327047
2025/11/14 11:40:42,-,5,-,-,-,-,ポイント、残高の獲得,セブン-イレブン,PayPayポイント,-,-,04844228690746327047
2025/11/14 10:03:23,-,"1,500",-,-,-,-,ポイント、残高の獲得,Yahoo!ショッピング,PayPayポイント,-,-,lp-102895974642327552-c_0a84d9eb-a534-445d-85d8-50fb858464f3_sppf
2025/11/13 23:16:31,"5,500",-,-,-,-,-,送った金額,はらだれお,PayPay残高,-,-,02132696853642027009
2025/11/13 23:16:15,-,"5,000",-,-,-,-,チャージ,PayPay,ゆうちょ銀行 *****41,-,-,02132696724793835520
2025/11/13 14:13:11,"1,026",-,-,-,-,-,支払い,ファミリーマート - 三軒茶屋二丁目,PayPay残高,-,-,04843565109709168642
2025/11/13 14:13:11,-,5,-,-,-,-,ポイント、残高の獲得,ファミリーマート,PayPayポイント,-,-,04843565109709168642
2025/11/13 14:12:44,-,"5,000",-,-,-,-,チャージ,PayPay,ゆうちょ銀行 *****41,-,-,02132416589847085067
2025/11/13 13:30:17,-,1,-,-,-,-,ポイント、残高の獲得,セブン-イレブン,PayPayポイント,-,-,04843542990627512326
2025/11/13 13:30:17,327,-,-,-,-,-,支払い,セブン-イレブン - 銀座１丁目桜通り,PayPay残高,-,-,04843542990627512326
2025/11/13 11:48:56,-,12,-,-,-,-,ポイント、残高の獲得,ユニクロ,PayPayポイント,-,-,04843490755235201028
2025/11/13 11:48:56,"2,580",-,-,-,-,-,支払い,ユニクロ - キャロットタワー三軒茶屋とうきゅう店,"PayPayポイント (11円), PayPay残高 (2,569円)",-,-,04843490755235201028
2025/11/13 11:48:49,-,"3,000",-,-,-,-,チャージ,PayPay,ゆうちょ銀行 *****41,-,-,02132342424351711234
2025/11/12 21:20:51,-,4,-,-,-,-,ポイント、残高の獲得,ファミリーマート,PayPayポイント,-,-,04843043348492034051
2025/11/12 21:20:51,811,-,-,-,-,-,支払い,ファミリーマート - 三軒茶屋二丁目,PayPay残高,-,-,04843043348492034051
2025/11/12 12:06:24,-,6,-,-,-,-,ポイント、残高の獲得,ローソン,PayPayポイント,-,-,04842757587137421324
2025/11/12 12:06:24,"1,209",-,-,-,-,-,支払い,ローソン - Ａｂｅｍａ　Ｔｏｗｅｒｓ,"PayPayポイント (1円), PayPay残高 (1,208円)",-,-,04842757587137421324
2025/11/12 12:06:18,-,"2,000",-,-,-,-,チャージ,PayPay,ゆうちょ銀行 *****41,-,-,02131609264844365843
2025/11/11 23:48:29,926,-,-,-,-,-,支払い,セブン-イレブン - 世田谷上馬２丁目,PayPay残高,-,-,04842377276373917697
2025/11/11 23:48:29,-,4,-,-,-,-,ポイント、残高の獲得,セブン-イレブン,PayPayポイント,-,-,04842377276373917697
2025/11/11 20:28:12,-,1,-,-,-,-,ポイント、残高の獲得,ファミリーマート,PayPayポイント,-,-,04842274042539933696
2025/11/11 20:28:12,393,-,-,-,-,-,支払い,ファミリーマート - 三軒茶屋二丁目,PayPay残高,-,-,04842274042539933696
2025/11/11 16:39:07,549,-,-,-,-,-,支払い,ローソン - Ａｂｅｍａ　Ｔｏｗｅｒｓ,PayPay残高,-,-,04842155982478893060
2025/11/11 16:39:07,-,2,-,-,-,-,ポイント、残高の獲得,ローソン,PayPayポイント,-,-,04842155982478893060
2025/11/11 14:20:51,-,1,-,-,-,-,ポイント、残高の獲得,ローソン,PayPayポイント,-,-,04842084711790927875
2025/11/11 14:20:51,230,-,-,-,-,-,支払い,ローソン - Ａｂｅｍａ　Ｔｏｗｅｒｓ,"PayPayポイント (4円), PayPay残高 (226円)",-,-,04842084711790927875
2025/11/10 22:11:02,"3,500",-,-,-,-,-,支払い,Agu hair - Agu hair jaya,PayPay残高,-,-,04841584880676093954
2025/11/10 22:11:02,-,17,-,-,-,-,ポイント、残高の獲得,Agu hair,PayPayポイント,-,-,04841584880676093954
2025/11/10 22:10:53,-,"5,000",-,-,-,-,チャージ,PayPay,ゆうちょ銀行 *****41,-,-,02130436515434340367
2025/11/10 19:19:13,697,-,-,-,-,-,支払い,ローソン - Ａｂｅｍａ　Ｔｏｗｅｒｓ,PayPay残高,-,-,04841496327040335876
2025/11/10 19:19:13,-,3,-,-,-,-,ポイント、残高の獲得,ローソン,PayPayポイント,-,-,04841496327040335876
2025/11/10 14:22:38,149,-,-,-,-,-,支払い,ローソン - Ａｂｅｍａ　Ｔｏｗｅｒｓ,PayPay残高,-,-,04841343460564385800
2025/11/10 11:55:31,-,11,-,-,-,-,ポイント、残高の獲得,anydeli,PayPayポイント,-,-,04841267637212258311
2025/11/10 11:55:31,"2,360",-,-,-,-,-,支払い,anydeli,"PayPayポイント (9円), PayPay残高 (2,351円)",-,-,04841267637212258311
2025/11/10 11:55:30,-,"3,000",-,-,-,-,チャージ,PayPay,ゆうちょ銀行 *****41,-,-,02130119349279334421
2025/11/10 00:28:42,592,-,-,-,-,-,支払い,ファミリーマート - 三軒茶屋二丁目,PayPay残高,-,-,04840913663187427329
2025/11/10 00:28:42,-,2,-,-,-,-,ポイント、残高の獲得,ファミリーマート,PayPayポイント,-,-,04840913663187427329
2025/11/09 20:39:08,"1,269",-,-,-,-,-,支払い,セブン-イレブン - 世田谷上馬２丁目,PayPay残高,-,-,04840795336838455301
2025/11/09 20:39:07,-,6,-,-,-,-,ポイント、残高の獲得,セブン-イレブン,PayPayポイント,-,-,04840795336838455301
2025/11/09 17:14:17,498,-,-,-,-,-,支払い,ファミリーマート - 三軒茶屋二丁目,PayPay残高,-,-,04840689766542196737
2025/11/09 17:14:17,-,2,-,-,-,-,ポイント、残高の獲得,ファミリーマート,PayPayポイント,-,-,04840689766542196737
2025/11/09 17:14:13,-,"3,000",-,-,-,-,チャージ,PayPay,ゆうちょ銀行 *****41,-,-,02129541452839731201
2025/11/09 12:51:44,-,5,-,-,-,-,ポイント、残高の獲得,セブン-イレブン,PayPayポイント,-,-,04840554440712757252
2025/11/09 12:51:44,"1,138",-,-,-,-,-,支払い,セブン-イレブン - 世田谷三軒茶屋２丁目,"PayPayポイント (3円), PayPay残高 (1,135円)",-,-,04840554440712757252
2025/11/09 12:51:35,-,"1,000",-,-,-,-,チャージ,PayPay,ゆうちょ銀行 *****41,-,-,02129406092650332160
2025/11/08 22:55:31,577,-,-,-,-,-,支払い,セブン-イレブン - 世田谷上馬２丁目,PayPay残高,-,-,04840123457924079618
2025/11/08 22:55:30,-,2,-,-,-,-,ポイント、残高の獲得,セブン-イレブン,PayPayポイント,-,-,04840123457924079618
2025/11/08 12:02:58,-,4,-,-,-,-,ポイント、残高の獲得,ファミリーマート,PayPayポイント,-,-,04839787136214958098
2025/11/08 12:02:58,983,-,-,-,-,-,支払い,ファミリーマート - 三軒茶屋二丁目,PayPay残高,-,-,04839787136214958098
2025/11/08 12:02:54,-,"1,000",-,-,-,-,チャージ,PayPay,ゆうちょ銀行 *****41,-,-,02128638822512828431
2025/11/08 03:09:00,-,4,-,-,-,-,ポイント、残高の獲得,セブン-イレブン,PayPayポイント,-,-,04839511931890900994
2025/11/08 03:09:00,876,-,-,-,-,-,支払い,セブン-イレブン - 世田谷上馬２丁目,"PayPayポイント (4円), PayPay残高 (872円)",-,-,04839511931890900994
2025/11/08 03:08:56,-,"1,000",-,-,-,-,チャージ,PayPay,ゆうちょ銀行 *****41,-,-,02128363618188312576
2025/11/07 19:52:50,677,-,-,-,-,-,支払い,ファミリーマート - 三軒茶屋二丁目,PayPay残高,-,-,04839287141892620290
2025/11/07 19:52:50,-,3,-,-,-,-,ポイント、残高の獲得,ファミリーマート,PayPayポイント,-,-,04839287141892620290
2025/11/07 13:04:09,-,3,-,-,-,-,ポイント、残高の獲得,セブン-イレブン,PayPayポイント,-,-,04839076499516309510
2025/11/07 13:04:09,744,-,-,-,-,-,支払い,セブン-イレブン - 世田谷上馬２丁目,"PayPayポイント (47円), PayPay残高 (697円)",-,-,04839076499516309510
2025/11/06 12:02:06,-,9,-,-,-,-,ポイント、残高の獲得,セブン-イレブン,PayPayポイント,-,-,04838302348841050119
2025/11/06 12:02:06,"1,917",-,-,-,-,-,支払い,セブン-イレブン - 世田谷上馬２丁目,"PayPayポイント (12円), PayPay残高 (1,905円)",-,-,04838302348841050119
2025/11/06 12:01:40,-,"3,000",-,-,-,-,チャージ,PayPay,ゆうちょ銀行 *****41,-,-,02127153854749540356
2025/11/05 16:13:53,576,-,-,-,-,-,支払い,セブン-イレブン - 世田谷上馬２丁目,PayPay残高,-,-,04837689955224141824
2025/11/05 16:13:53,-,2,-,-,-,-,ポイント、残高の獲得,セブン-イレブン,PayPayポイント,-,-,04837689955224141824
2025/11/05 11:47:05,-,11,-,-,-,-,ポイント、残高の獲得,そうごう薬局,PayPayポイント,-,-,04837552438960807942
2025/11/05 11:47:05,"2,360",-,-,-,-,-,支払い,そうごう薬局 - そうごう薬局　三軒茶屋店,PayPay残高,-,-,04837552438960807942
2025/11/05 11:46:48,-,"3,000",-,-,-,-,チャージ,PayPay,ゆうちょ銀行 *****41,-,-,02126404022179143692
2025/11/05 11:33:46,"2,430",-,-,-,-,-,支払い,三茶クリニック,"PayPayポイント (8円), PayPay残高 (2,422円)",-,-,04837545575603568642
2025/11/05 11:33:45,-,12,-,-,-,-,ポイント、残高の獲得,三茶クリニック,PayPayポイント,-,-,04837545575603568642
2025/11/05 11:33:36,-,"3,000",-,-,-,-,チャージ,PayPay,ゆうちょ銀行 *****41,-,-,02126397218951274498
2025/11/04 14:28:53,"3,083",-,-,-,-,-,支払い,ファミリーマート - 三軒茶屋二丁目,"PayPayポイント (4円), PayPay残高 (3,079円)",-,-,04836893668286193665
2025/11/04 14:28:53,-,15,-,-,-,-,ポイント、残高の獲得,ファミリーマート,PayPayポイント,-,-,04836893668286193665
2025/11/04 14:28:32,-,"3,000",-,-,-,-,チャージ,PayPay,ゆうちょ銀行 *****41,-,-,02125745208555683848
2025/11/04 02:22:35,788,-,-,-,-,-,支払い,ファミリーマート - 三軒茶屋二丁目,PayPay残高,-,-,04836519336116781056
2025/11/04 02:22:35,-,3,-,-,-,-,ポイント、残高の獲得,ファミリーマート,PayPayポイント,-,-,04836519336116781056
2025/11/04 02:22:31,-,"1,000",-,-,-,-,チャージ,PayPay,ゆうちょ銀行 *****41,-,-,02125371022414766080
2025/11/03 18:53:27,118,-,-,-,-,-,支払い,セブン-イレブン - 渋谷道玄坂,PayPay残高,-,-,04836287854559748097
2025/11/03 18:10:50,"1,628",-,-,-,-,-,支払い,ミネドラッグ - ミネドラッグ　三軒茶屋店,PayPay残高,-,-,04836265890096734208
2025/11/03 18:10:50,-,8,-,-,-,-,ポイント、残高の獲得,ミネドラッグ,PayPayポイント,-,-,04836265890096734208
2025/11/03 16:58:45,-,1,-,-,-,-,ポイント、残高の獲得,ミネドラッグ,PayPayポイント,-,-,04836228730039582730
2025/11/03 16:58:45,267,-,-,-,-,-,支払い,ミネドラッグ - ミネドラッグ　三軒茶屋店,PayPay残高,-,-,04836228730039582730
2025/11/03 12:43:52,-,3,-,-,-,-,ポイント、残高の獲得,ファミリーマート,PayPayポイント,-,-,04836097364169646090
2025/11/03 12:43:52,727,-,-,-,-,-,支払い,ファミリーマート - 三軒茶屋二丁目,"PayPayポイント (1円), PayPay残高 (726円)",-,-,04836097364169646090
2025/11/02 19:47:21,"18,000",-,-,-,-,-,送った金額,村田雅弥,PayPay残高,-,-,02124425176126644244
2025/11/02 19:47:08,-,"18,000",-,-,-,-,チャージ,PayPay,ゆうちょ銀行 *****41,-,-,02124425064457904159
2025/11/02 14:48:59,-,1,-,-,-,-,ポイント、残高の獲得,ファミリーマート,PayPayポイント,-,-,04835419678459461640
2025/11/02 14:48:59,230,-,-,-,-,-,支払い,ファミリーマート - 三軒茶屋二丁目,PayPay残高,-,-,04835419678459461640
2025/11/02 14:24:29,"1,000",-,-,-,-,-,送った金額,村田雅弥,PayPay残高,-,-,02124258780503670784
2025/11/02 14:19:46,"1,000",-,-,-,-,-,送った金額,村田雅弥,PayPay残高,-,-,02124256340962197504
2025/11/02 13:47:04,"1,290",-,-,-,-,-,支払い,ＡＦＵＲＩ - ＡＦＵＲＩ三軒茶屋店,"PayPayポイント (4円), PayPay残高 (1,286円)",-,-,04835387766851837955
2025/11/02 13:47:03,-,6,-,-,-,-,ポイント、残高の獲得,ＡＦＵＲＩ,PayPayポイント,-,-,04835387766851837955
2025/11/01 20:29:44,-,"6,000",-,-,-,-,チャージ,PayPay,ゆうちょ銀行 *****41,-,-,02123704849981808657
2025/11/01 19:03:28,"5,000",-,-,-,-,-,送った金額,村田雅弥,PayPay残高,-,-,02123660388480131081
2025/11/01 19:03:17,-,"5,000",-,-,-,-,チャージ,PayPay,ゆうちょ銀行 *****41,-,-,02123660302581268488
2025/11/01 18:43:09,-,23,-,-,-,-,ポイント、残高の獲得,新宿天然温泉テルマー湯,PayPayポイント,-,-,04834798196691673092
2025/11/01 18:43:09,"4,790",-,-,-,-,-,支払い,新宿天然温泉テルマー湯,"PayPayポイント (6円), PayPay残高 (4,784円)",-,-,04834798196691673092
2025/11/01 18:42:34,-,"2,000",-,-,-,-,チャージ,PayPay,ゆうちょ銀行 *****41,-,-,02123649616702406685
2025/11/01 11:24:43,"2,500",-,-,-,-,-,送った金額,村田雅弥,PayPay残高,-,-,02123423959120396288
2025/11/01 11:24:34,776,-,-,-,-,-,送った金額,宮元健斗だよ,PayPay残高,-,-,02123423873220952064
2025/11/01 11:18:46,"1,000",-,-,-,-,-,送った金額,宮元健斗だよ,PayPay残高,-,-,02123420883923779588
2025/10/31 23:07:26,"2,000",-,-,-,-,-,送った金額,村田雅弥,PayPay残高,-,-,02123043966183825410
2025/10/31 17:03:45,568,-,-,-,-,-,支払い,セブン-イレブン - 世田谷上馬２丁目,PayPay残高,-,-,04834004804563861504
2025/10/31 17:03:45,-,2,-,-,-,-,ポイント、残高の獲得,セブン-イレブン,PayPayポイント,-,-,04834004804563861504
2025/10/31 11:15:52,865,-,-,-,-,-,支払い,セブン-イレブン - 世田谷三軒茶屋２丁目,"PayPayポイント (4円), PayPay残高 (861円)",-,-,04833825506858565632
2025/10/31 11:15:52,-,4,-,-,-,-,ポイント、残高の獲得,セブン-イレブン,PayPayポイント,-,-,04833825506858565632
2025/10/31 01:59:23,-,1,-,-,-,-,ポイント、残高の獲得,ファミリーマート,PayPayポイント,-,-,04833538688942604289
2025/10/31 01:59:23,293,-,-,-,-,-,支払い,ファミリーマート - 三軒茶屋二丁目,PayPay残高,-,-,04833538688942604289
2025/10/31 01:38:24,-,52,-,-,-,-,ポイント、残高の獲得,Darts UP,PayPayポイント,-,-,04833527874214690818
2025/10/31 01:38:24,"10,450",-,-,-,-,-,支払い,Darts UP - 渋谷道玄坂,PayPay残高,-,-,04833527874214690818
2025/10/31 01:38:09,-,"20,000",-,-,-,-,チャージ,PayPay,ゆうちょ銀行 *****41,-,-,02122379466024034309
2025/10/30 23:02:35,"3,400",-,-,-,-,JP,送った金額,もっちゃん,PayPay残高,-,-,02122299287572930570
2025/10/30 23:01:15,-,"5,000",-,-,-,-,チャージ,PayPay,ゆうちょ銀行 *****41,-,-,02122298600378679312
2025/10/30 21:24:14,"5,000",-,-,-,-,-,送った金額,あいり,PayPay残高,-,-,02122248598368960520
2025/10/30 21:24:12,-,"5,000",-,-,-,-,チャージ,PayPay,ゆうちょ銀行 *****41,-,-,02122248581189738506
2025/10/30 13:57:39,-,2,-,-,-,-,ポイント、残高の獲得,ファミリーマート,PayPayポイント,-,-,04833166710414606337
2025/10/30 13:57:39,593,-,-,-,-,-,支払い,ファミリーマート - 三軒茶屋二丁目,PayPay残高,-,-,04833166710414606337
2025/10/30 08:28:20,230,-,-,-,-,-,支払い,セブン-イレブン - 世田谷上馬２丁目,"PayPayポイント (8円), PayPay残高 (222円)",-,-,04832996990487863297
2025/10/30 08:28:20,-,1,-,-,-,-,ポイント、残高の獲得,セブン-イレブン,PayPayポイント,-,-,04832996990487863297
2025/10/30 08:28:16,-,"1,000",-,-,-,-,チャージ,PayPay,ゆうちょ銀行 *****41,-,-,02121848676784709632
2025/10/28 22:20:20,163,-,-,-,-,-,支払い,ローソン - 上馬二丁目,PayPay残高,-,-,04831941450734944257
2025/10/28 18:39:23,599,-,-,-,-,-,支払い,ローソン - Ａｂｅｍａ　Ｔｏｗｅｒｓ,PayPay残高,-,-,04831827573971902468
2025/10/28 18:39:22,-,2,-,-,-,-,ポイント、残高の獲得,ローソン,PayPayポイント,-,-,04831827573971902468
2025/10/28 12:55:10,849,-,-,-,-,-,支払い,ローソン - Ａｂｅｍａ　Ｔｏｗｅｒｓ,"PayPayポイント (6円), PayPay残高 (843円)",-,-,04831650174642814977
2025/10/28 12:55:10,-,4,-,-,-,-,ポイント、残高の獲得,ローソン,PayPayポイント,-,-,04831650174642814977
2025/10/28 12:55:07,-,"1,000",-,-,-,-,チャージ,PayPay,ゆうちょ銀行 *****41,-,-,02120501860940070928
2025/10/28 00:42:31,561,-,-,-,-,-,支払い,ファミリーマート - 三軒茶屋二丁目,PayPay残高,-,-,04831272569707790337
2025/10/28 00:42:31,-,2,-,-,-,-,ポイント、残高の獲得,ファミリーマート,PayPayポイント,-,-,04831272569707790337
2025/10/28 00:42:26,-,"1,000",-,-,-,-,チャージ,PayPay,ゆうちょ銀行 *****41,-,-,02120124238825472008
2025/10/27 20:07:39,581,-,-,-,-,-,支払い,セブン-イレブン - 世田谷三軒茶屋２丁目,PayPay残高,-,-,04831130895914835974
2025/10/27 20:07:38,-,2,-,-,-,-,ポイント、残高の獲得,セブン-イレブン,PayPayポイント,-,-,04831130895914835974
2025/10/27 13:10:35,876,-,-,-,-,-,支払い,ローソン - Ａｂｅｍａ　Ｔｏｗｅｒｓ,"PayPayポイント (5円), PayPay残高 (871円)",-,-,04830915949981687811
2025/10/27 13:10:35,-,4,-,-,-,-,ポイント、残高の獲得,ローソン,PayPayポイント,-,-,04830915949981687811
2025/10/26 23:38:05,572,-,-,-,-,-,支払い,セブン-イレブン - 世田谷上馬２丁目,PayPay残高,-,-,04830497190670131203
2025/10/26 23:38:05,-,2,-,-,-,-,ポイント、残高の獲得,セブン-イレブン,PayPayポイント,-,-,04830497190670131203
2025/10/26 19:56:50,397,-,-,-,-,-,支払い,セブン-イレブン - 世田谷三軒茶屋２丁目,PayPay残高,-,-,04830383159288504324
2025/10/26 19:56:50,-,1,-,-,-,-,ポイント、残高の獲得,セブン-イレブン,PayPayポイント,-,-,04830383159288504324
2025/10/26 19:32:47,-,"2,000",-,-,-,JP,受け取った金額,ほっともっと,PayPay残高,-,-,02119222476079407110
2025/10/26 16:45:13,"1,149",-,-,-,-,-,支払い,スターバックス コーヒー - 渋谷公園通り店,PayPay残高,-,-,04830284392220450819
2025/10/26 16:45:12,-,5,-,-,-,-,ポイント、残高の獲得,スターバックス コーヒー,PayPayポイント,-,-,04830284392220450819
2025/10/26 16:45:07,-,"1,000",-,-,-,-,チャージ,PayPay,ゆうちょ銀行 *****41,-,-,02119136061339861020
2025/10/26 11:01:26,"1,198",-,-,-,-,-,支払い,セブン-イレブン - 世田谷上馬２丁目,"PayPayポイント (14円), PayPay残高 (1,184円)",-,-,04830107207639982083
2025/10/26 11:01:25,-,5,-,-,-,-,ポイント、残高の獲得,セブン-イレブン,PayPayポイント,-,-,04830107207639982083
2025/10/25 19:33:46,"8,050",-,-,-,-,JP,送った金額,ひらの,PayPay残高,-,-,02118480821128675328
2025/10/25 19:33:43,-,"5,000",-,-,-,-,チャージ,PayPay,ゆうちょ銀行 *****41,-,-,02118480795359313941
2025/10/25 02:54:34,-,"5,000",-,-,-,JP,受け取った金額,ほっともっと,PayPay残高,-,-,02117965837370015744
2025/10/25 01:39:56,"6,000",-,-,-,-,-,支払い,ASOBIBAR - 新宿歌舞伎町タワー前店,"PayPayポイント (3円), PayPay残高 (5,997円)",-,-,04829075650984869888
2025/10/25 01:39:56,-,29,-,-,-,-,ポイント、残高の獲得,ASOBIBAR,PayPayポイント,-,-,04829075650984869888
2025/10/25 01:39:48,-,"6,000",-,-,-,-,チャージ,PayPay,ゆうちょ銀行 *****41,-,-,02117927302923853828
2025/10/24 13:31:42,787,-,-,-,-,-,支払い,ローソン - Ａｂｅｍａ　Ｔｏｗｅｒｓ,PayPay残高,-,-,04828700322382815236
2025/10/24 13:31:42,-,3,-,-,-,-,ポイント、残高の獲得,ローソン,PayPayポイント,-,-,04828700322382815236
2025/10/24 08:02:32,551,-,-,-,-,-,支払い,ファミリーマート - 渋谷宇田川交番前,"PayPayポイント (6円), PayPay残高 (545円)",-,-,04828530671174615040
2025/10/24 08:02:32,-,2,-,-,-,-,ポイント、残高の獲得,ファミリーマート,PayPayポイント,-,-,04828530671174615040
2025/10/24 08:02:29,-,"1,000",-,-,-,-,チャージ,PayPay,ゆうちょ銀行 *****41,-,-,02117382357473304585
2025/10/23 19:06:15,-,1,-,-,-,-,ポイント、残高の獲得,ローソン,PayPayポイント,-,-,04828130569201344519
2025/10/23 19:06:15,271,-,-,-,-,-,支払い,ローソン - 上馬二丁目,PayPay残高,-,-,04828130569201344519
2025/10/23 15:11:51,"1,382",-,-,-,-,-,支払い,ファミリーマート - 三軒茶屋二丁目,"PayPayポイント (2円), PayPay残高 (1,380円)",-,-,04828009760361144324
2025/10/23 15:11:50,-,6,-,-,-,-,ポイント、残高の獲得,ファミリーマート,PayPayポイント,-,-,04828009760361144324
2025/10/23 15:11:46,-,"1,000",-,-,-,-,チャージ,PayPay,ゆうちょ銀行 *****41,-,-,02116861438070005779
2025/10/22 08:11:31,-,1,-,-,-,-,ポイント、残高の獲得,ローソン,PayPayポイント,-,-,04827050951860019206
2025/10/22 08:11:31,230,-,-,-,-,-,支払い,ローソン - 渋谷区井の頭通,"PayPayポイント (23円), PayPay残高 (207円)",-,-,04827050951860019206
2025/10/22 08:11:27,-,"1,000",-,-,-,-,チャージ,PayPay,ゆうちょ銀行 *****41,-,-,02115902646749986824
2025/10/21 22:35:26,301,-,-,-,-,-,支払い,ファミリーマート - 三軒茶屋二丁目,PayPay残高,-,-,04826754049360863232
2025/10/21 22:35:26,-,1,-,-,-,-,ポイント、残高の獲得,ファミリーマート,PayPayポイント,-,-,04826754049360863232
2025/10/21 16:44:20,162,-,-,-,-,-,支払い,ミネドラッグ - ミネドラッグ　三軒茶屋店,PayPay残高,-,-,04826573085208821763
2025/10/21 11:15:40,778,-,-,-,-,-,支払い,ファミリーマート - 三軒茶屋二丁目,PayPay残高,-,-,04826403700288995328
2025/10/21 11:15:40,-,3,-,-,-,-,ポイント、残高の獲得,ファミリーマート,PayPayポイント,-,-,04826403700288995328
2025/10/21 00:17:32,-,1,-,-,-,-,ポイント、残高の獲得,ファミリーマート,PayPayポイント,-,-,04826064492361555978
2025/10/21 00:17:32,374,-,-,-,-,-,支払い,ファミリーマート - 三軒茶屋二丁目,PayPay残高,-,-,04826064492361555978
2025/10/20 19:59:10,519,-,-,-,-,-,支払い,セブン-イレブン - 世田谷三軒茶屋２丁目,PayPay残高,-,-,04825931339785175042
2025/10/20 19:59:10,-,2,-,-,-,-,ポイント、残高の獲得,セブン-イレブン,PayPayポイント,-,-,04825931339785175042
2025/10/20 12:35:05,-,1,-,-,-,-,ポイント、残高の獲得,ローソン,PayPayポイント,-,-,04825702452388167681
2025/10/20 12:35:04,230,-,-,-,-,-,支払い,ローソン - Ａｂｅｍａ　Ｔｏｗｅｒｓ,PayPay残高,-,-,04825702452388167681
2025/10/20 12:10:44,"1,480",-,-,-,-,-,支払い,anydeli,PayPay残高,-,-,04825689911083909125
2025/10/20 12:10:44,-,7,-,-,-,-,ポイント、残高の獲得,anydeli,PayPayポイント,-,-,04825689911083909125
2025/10/20 12:10:43,-,"3,000",-,-,-,-,チャージ,PayPay,ゆうちょ銀行 *****41,-,-,02114541614563639320
2025/10/19 23:48:36,"9,000",-,-,-,-,-,送った金額,床波税理士事務所,PayPay残高,-,-,02114159130546094088
2025/10/19 23:47:31,-,"9,000",-,-,-,-,チャージ,PayPay,ゆうちょ銀行 *****41,-,-,02114158580790075394
2025/10/19 05:30:01,480,-,-,-,-,-,支払い,ファミリーマート - 中野桃園,PayPay残高,-,-,04824741212937592833
2025/10/19 05:30:01,-,2,-,-,-,-,ポイント、残高の獲得,ファミリーマート,PayPayポイント,-,-,04824741212937592833
2025/10/19 02:05:10,"4,000",-,-,-,-,-,送った金額,はるき,PayPay残高,-,-,02113487354711334912
2025/10/19 02:05:09,-,"5,000",-,-,-,-,チャージ,PayPay,ゆうちょ銀行 *****41,-,-,02113487337531334658
2025/10/18 21:38:09,"3,500",-,-,-,-,-,送った金額,はるき,PayPay残高,-,-,02113349735367507969
2025/10/18 21:37:54,-,"3,000",-,-,-,-,チャージ,PayPay,ゆうちょ銀行 *****41,-,-,02113349606520029190
2025/10/18 12:23:15,-,3,-,-,-,-,ポイント、残高の獲得,ファミリーマート,PayPayポイント,-,-,04824212012836380676
2025/10/18 12:23:14,708,-,-,-,-,-,支払い,ファミリーマート - 三軒茶屋二丁目,"PayPayポイント (18円), PayPay残高 (690円)",-,-,04824212012836380676
2025/10/17 17:31:43,651,-,-,-,-,-,支払い,セブン-イレブン - 世田谷上馬２丁目,PayPay残高,-,-,04823628833587421187
2025/10/17 17:31:43,-,3,-,-,-,-,ポイント、残高の獲得,セブン-イレブン,PayPayポイント,-,-,04823628833587421187
2025/10/17 11:29:23,801,-,-,-,-,-,支払い,ファミリーマート - 三軒茶屋二丁目,PayPay残高,-,-,04823442088410120192
2025/10/17 11:29:23,-,4,-,-,-,-,ポイント、残高の獲得,ファミリーマート,PayPayポイント,-,-,04823442088410120192
2025/10/17 11:29:18,-,"3,000",-,-,-,-,チャージ,PayPay,ゆうちょ銀行 *****41,-,-,02112293766119809024
2025/10/17 11:11:09,-,3,-,-,-,-,ポイント、残高の獲得,セリア,PayPayポイント,-,-,04823432682430627847
2025/10/17 11:11:09,663,-,-,-,-,-,支払い,セリア - 2441西友三軒茶屋店,"PayPayポイント (8円), PayPay残高 (655円)",-,-,04823432682430627847
2025/10/17 00:59:28,315,-,-,-,-,-,支払い,セブン-イレブン - 世田谷上馬２丁目,PayPay残高,-,-,04823117431832051713
2025/10/17 00:59:28,-,1,-,-,-,-,ポイント、残高の獲得,セブン-イレブン,PayPayポイント,-,-,04823117431832051713
2025/10/17 00:59:23,-,"1,000",-,-,-,-,チャージ,PayPay,ゆうちょ銀行 *****41,-,-,02111969100951896074
2025/10/16 21:56:01,"5,000",-,-,-,-,-,送った金額,宮元健斗だよ,PayPay残高,-,-,02111874603079598080
2025/10/16 21:55:59,-,"3,000",-,-,-,-,チャージ,PayPay,ゆうちょ銀行 *****41,-,-,02111874577310629900
2025/10/16 21:48:31,"3,600",-,-,-,-,-,送った金額,宮元健斗だよ,PayPay残高,-,-,02111870729019269124
2025/10/16 16:06:41,-,1,-,-,-,-,ポイント、残高の獲得,ローソン,PayPayポイント,-,-,04822842828802850818
2025/10/16 16:06:41,230,-,-,-,-,-,支払い,ローソン - Ａｂｅｍａ　Ｔｏｗｅｒｓ,PayPay残高,-,-,04822842828802850818
2025/10/16 12:36:31,-,4,-,-,-,-,ポイント、残高の獲得,セブン-イレブン,PayPayポイント,-,-,04822734509727440900
2025/10/16 12:36:31,878,-,-,-,-,-,支払い,セブン-イレブン - 世田谷上馬２丁目,"PayPayポイント (8円), PayPay残高 (870円)",-,-,04822734509727440900
2025/10/15 21:54:19,455,-,-,-,-,-,支払い,ファミリーマート - 三軒茶屋二丁目,PayPay残高,-,-,04822279835899691010
2025/10/15 21:54:19,-,2,-,-,-,-,ポイント、残高の獲得,ファミリーマート,PayPayポイント,-,-,04822279835899691010
2025/10/15 19:32:22,497,-,-,-,-,-,支払い,ローソン - Ａｂｅｍａ　Ｔｏｗｅｒｓ,PayPay残高,-,-,04822206675426377728
2025/10/15 19:32:22,-,2,-,-,-,-,ポイント、残高の獲得,ローソン,PayPayポイント,-,-,04822206675426377728
2025/10/15 13:46:41,768,-,-,-,-,-,支払い,ローソン - Ａｂｅｍａ　Ｔｏｗｅｒｓ,PayPay残高,-,-,04822028503003201539
2025/10/15 13:46:40,-,3,-,-,-,-,ポイント、残高の獲得,ローソン,PayPayポイント,-,-,04822028503003201539
2025/10/15 08:36:05,-,2,-,-,-,-,ポイント、残高の獲得,ローソン,PayPayポイント,-,-,04821868420981760005
2025/10/15 08:36:05,595,-,-,-,-,-,支払い,ローソン - 渋谷区井の頭通,"PayPayポイント (19円), PayPay残高 (576円)",-,-,04821868420981760005
2025/10/14 21:25:27,-,2,-,-,-,-,ポイント、残高の獲得,セブン-イレブン,PayPayポイント,-,-,04821522779193147396
2025/10/14 21:25:27,522,-,-,-,-,-,支払い,セブン-イレブン - 世田谷三軒茶屋２丁目,PayPay残高,-,-,04821522779193147396
2025/10/14 17:41:27,-,1,-,-,-,-,ポイント、残高の獲得,ローソン,PayPayポイント,-,-,04821407330471002116
2025/10/14 17:41:27,316,-,-,-,-,-,支払い,ローソン - Ａｂｅｍａ　Ｔｏｗｅｒｓ,PayPay残高,-,-,04821407330471002116
2025/10/14 11:49:21,876,-,-,-,-,-,支払い,ローソン - 渋谷区井の頭通,PayPay残高,-,-,04821225868102287363
2025/10/14 11:49:21,-,4,-,-,-,-,ポイント、残高の獲得,ローソン,PayPayポイント,-,-,04821225868102287363
2025/10/14 11:29:24,-,4,-,-,-,-,ポイント、残高の獲得,ユニクロ,PayPayポイント,-,-,04821215577361154058
2025/10/14 11:29:24,990,-,-,-,-,-,支払い,ユニクロ - キャロットタワー三軒茶屋とうきゅう店,"PayPayポイント (23円), PayPay残高 (967円)",-,-,04821215577361154058
2025/10/13 22:12:12,160,-,-,-,-,-,支払い,ファミリーマート - 三軒茶屋二丁目,PayPay残高,-,-,04820804703609315332
2025/10/13 13:50:37,-,1,-,-,-,-,ポイント、残高の獲得,ファミリーマート,PayPayポイント,-,-,04820546189529292808
2025/10/13 13:50:37,230,-,-,-,-,-,支払い,ファミリーマート - 恵比寿神社前,"PayPayポイント (3円), PayPay残高 (227円)",-,-,04820546189529292808
2025/10/13 00:02:42,185,-,-,-,-,-,支払い,ファミリーマート - 三軒茶屋二丁目,PayPay残高,-,-,04820119484527616000
2025/10/12 18:34:15,-,4,-,-,-,-,ポイント、残高の獲得,セブン-イレブン,PayPayポイント,-,-,04819950202685833223
2025/10/12 18:34:15,965,-,-,-,-,-,支払い,セブン-イレブン - 世田谷上馬２丁目,"PayPayポイント (4円), PayPay残高 (961円)",-,-,04819950202685833223
2025/10/11 23:36:33,-,4,-,-,-,-,ポイント、残高の獲得,ファミリーマート,PayPayポイント,-,-,04819363836571041794
2025/10/11 23:36:33,904,-,-,-,-,-,支払い,ファミリーマート - 三軒茶屋二丁目,PayPay残高,-,-,04819363836571041794
2025/10/11 18:51:53,522,-,-,-,-,-,支払い,セブン-イレブン - 世田谷三軒茶屋２丁目,PayPay残高,-,-,04819217120489381891
2025/10/11 18:51:52,-,2,-,-,-,-,ポイント、残高の獲得,セブン-イレブン,PayPayポイント,-,-,04819217120489381891
2025/10/11 13:59:57,790,-,-,-,-,-,送った金額,村田雅弥,PayPay残高,-,-,02107918379854381062
2025/10/11 13:48:39,-,3,-,-,-,-,ポイント、残高の獲得,ファミリーマート,PayPayポイント,-,-,04819060835219611657
2025/10/11 13:48:39,626,-,-,-,-,-,支払い,ファミリーマート - 銀座二丁目,"PayPayポイント (7円), PayPay残高 (619円)",-,-,04819060835219611657
2025/10/11 03:07:09,-,"10,000",-,-,-,JP,受け取った金額,村田雅弥,PayPay残高,-,-,02107581929296478208
2025/10/10 14:47:21,230,-,-,-,-,-,支払い,ローソン - Ａｂｅｍａ　Ｔｏｗｅｒｓ,PayPay残高,-,-,04818348927210242051
2025/10/10 14:47:21,-,1,-,-,-,-,ポイント、残高の獲得,ローソン,PayPayポイント,-,-,04818348927210242051
2025/10/10 09:23:32,519,-,-,-,-,-,支払い,ローソン - Ａｂｅｍａ　Ｔｏｗｅｒｓ,"PayPayポイント (6円), PayPay残高 (513円)",-,-,04818182033371029505
2025/10/10 09:23:32,-,2,-,-,-,-,ポイント、残高の獲得,ローソン,PayPayポイント,-,-,04818182033371029505
2025/10/09 23:29:08,-,2,-,-,-,-,ポイント、残高の獲得,ファミリーマート,PayPayポイント,-,-,04817875673353863172
2025/10/09 23:29:08,466,-,-,-,-,-,支払い,ファミリーマート - 三軒茶屋二丁目,PayPay残高,-,-,04817875673353863172
2025/10/09 07:13:39,-,2,-,-,-,-,ポイント、残高の獲得,セブン-イレブン,PayPayポイント,-,-,04817372913071177735
2025/10/09 07:13:39,451,-,-,-,-,-,支払い,セブン-イレブン - 世田谷上馬２丁目,"PayPayポイント (4円), PayPay残高 (447円)",-,-,04817372913071177735
2025/10/08 22:12:34,-,"1,391",-,-,-,JP,受け取った金額,ほっともっと,PayPay残高,-,-,02105945770094804996
2025/10/08 21:34:04,-,"4,500",-,-,-,JP,受け取った金額,ひろと,PayPay残高,-,-,02105925927345889280
2025/10/08 21:33:00,"9,020",-,-,-,-,-,支払い,Kaya food service - UOHIDE 渋谷,PayPay残高,-,-,04817073656930508800
2025/10/08 21:33:00,-,45,-,-,-,-,ポイント、残高の獲得,Kaya food service,PayPayポイント,-,-,04817073656930508800
2025/10/08 21:32:59,-,"10,000",-,-,-,-,チャージ,PayPay,ゆうちょ銀行 *****41,-,-,02105925360411172884
2025/10/08 13:25:49,230,-,-,-,-,-,支払い,ローソン - Ａｂｅｍａ　Ｔｏｗｅｒｓ,"PayPayポイント (6円), PayPay残高 (224円)",-,-,04816822555961352196
2025/10/08 13:25:48,-,1,-,-,-,-,ポイント、残高の獲得,ローソン,PayPayポイント,-,-,04816822555961352196
2025/10/08 01:02:49,293,-,-,-,-,-,支払い,ファミリーマート - 三軒茶屋二丁目,PayPay残高,-,-,04816439625267183618
2025/10/08 01:02:49,-,1,-,-,-,-,ポイント、残高の獲得,ファミリーマート,PayPayポイント,-,-,04816439625267183618
2025/10/08 01:02:45,-,"1,000",-,-,-,-,チャージ,PayPay,ゆうちょ銀行 *****41,-,-,02105291311568863233
2025/10/07 21:39:03,840,-,-,-,-,-,支払い,ファミリーマート - 三軒茶屋二丁目,PayPay残高,-,-,04816334596137304066
2025/10/07 21:39:02,-,4,-,-,-,-,ポイント、残高の獲得,ファミリーマート,PayPayポイント,-,-,04816334596137304066
2025/10/07 21:38:59,-,"1,000",-,-,-,-,チャージ,PayPay,ゆうちょ銀行 *****41,-,-,02105186282438541325
2025/10/07 17:10:50,192,-,-,-,-,-,支払い,ファミリーマート - 恵比寿神社前,PayPay残高,-,-,04816196366910660608
2025/10/07 17:06:45,-,3,-,-,-,-,ポイント、残高の獲得,ファミリーマート,PayPayポイント,-,-,04816194253786013704
2025/10/07 17:06:45,613,-,-,-,-,-,支払い,ファミリーマート - 恵比寿神社前,PayPay残高,-,-,04816194253786013704
2025/10/07 17:06:41,-,"1,000",-,-,-,-,チャージ,PayPay,ゆうちょ銀行 *****41,-,-,02105045948677136385
2025/10/07 13:22:49,230,-,-,-,-,-,支払い,ファミリーマート - 恵比寿神社前,PayPay残高,-,-,04816078839424516102
2025/10/07 13:22:48,-,1,-,-,-,-,ポイント、残高の獲得,ファミリーマート,PayPayポイント,-,-,04816078839424516102
2025/10/07 12:57:52,-,4,-,-,-,-,ポイント、残高の獲得,ミネドラッグ,PayPayポイント,-,-,04816065980293111812
2025/10/07 12:57:52,866,-,-,-,-,-,支払い,ミネドラッグ - ミネドラッグ　三軒茶屋店,"PayPayポイント (39円), PayPay残高 (827円)",-,-,04816065980293111812
2025/10/07 12:57:43,-,"1,000",-,-,-,-,チャージ,PayPay,ゆうちょ銀行 *****41,-,-,02104917623644291085
2025/10/07 00:49:07,180,-,-,-,-,-,支払い,ファミリーマート - 三軒茶屋二丁目,PayPay残高,-,-,04815690385402609666
2025/10/06 21:26:52,-,1,-,-,-,-,ポイント、残高の獲得,セブン-イレブン,PayPayポイント,-,-,04815586146547081222
2025/10/06 21:26:52,235,-,-,-,-,-,支払い,セブン-イレブン - 世田谷上馬２丁目,PayPay残高,-,-,04815586146547081222
2025/10/06 16:41:37,"1,177",-,-,-,-,-,支払い,セブン-イレブン - 世田谷上馬２丁目,"PayPayポイント (22円), PayPay残高 (1,155円)",-,-,04815439138406236161
2025/10/06 16:41:37,-,5,-,-,-,-,ポイント、残高の獲得,セブン-イレブン,PayPayポイント,-,-,04815439138406236161
2025/10/06 16:41:32,-,"1,000",-,-,-,-,チャージ,PayPay,ゆうちょ銀行 *****41,-,-,02104290816117399564
2025/10/06 00:28:29,557,-,-,-,-,-,支払い,ファミリーマート - 三軒茶屋二丁目,PayPay残高,-,-,04814937589304852481
2025/10/06 00:28:29,-,2,-,-,-,-,ポイント、残高の獲得,ファミリーマート,PayPayポイント,-,-,04814937589304852481
2025/10/05 19:16:01,-,3,-,-,-,-,ポイント、残高の獲得,セブン-イレブン,PayPayポイント,-,-,04814776536621023232
2025/10/05 19:16:00,645,-,-,-,-,-,支払い,セブン-イレブン - 世田谷上馬２丁目,PayPay残高,-,-,04814776536621023232
2025/10/05 16:15:39,230,-,-,-,-,-,支払い,ファミリーマート - 三軒茶屋二丁目,"PayPayポイント (4円), PayPay残高 (226円)",-,-,04814683584939294720
2025/10/05 16:15:39,-,1,-,-,-,-,ポイント、残高の獲得,ファミリーマート,PayPayポイント,-,-,04814683584939294720
2025/10/04 23:05:26,"2,500",-,-,-,-,-,送った金額,宮元健斗だよ,PayPay残高,-,-,02103004327382515723
2025/10/04 23:05:15,-,"2,500",-,-,-,-,チャージ,PayPay,ゆうちょ銀行 *****41,-,-,02103004232893857804
2025/10/04 17:13:23,-,1,-,-,-,-,ポイント、残高の獲得,ファミリーマート,PayPayポイント,-,-,04813971161534488586
2025/10/04 17:13:23,281,-,-,-,-,-,支払い,ファミリーマート - 三軒茶屋二丁目,PayPay残高,-,-,04813971161534488586
2025/10/04 04:43:56,160,-,-,-,-,-,支払い,ファミリーマート - 新中野駅前,PayPay残高,-,-,04813584897944387585
2025/10/03 12:11:53,230,-,-,-,-,-,支払い,ローソン - Ａｂｅｍａ　Ｔｏｗｅｒｓ,"PayPayポイント (8円), PayPay残高 (222円)",-,-,04813073607857815555
2025/10/03 12:11:53,-,1,-,-,-,-,ポイント、残高の獲得,ローソン,PayPayポイント,-,-,04813073607857815555
2025/10/03 00:00:25,608,-,-,-,-,-,支払い,ファミリーマート - 三軒茶屋二丁目,PayPay残高,-,-,04812696612808802304
2025/10/03 00:00:25,-,3,-,-,-,-,ポイント、残高の獲得,ファミリーマート,PayPayポイント,-,-,04812696612808802304
2025/10/02 16:57:44,164,-,-,-,-,-,支払い,ファミリーマート - 三軒茶屋二丁目,PayPay残高,-,-,04812478754888081409
2025/10/02 14:34:17,838,-,-,-,-,-,支払い,セブン-イレブン - 世田谷上馬２丁目,PayPay残高,-,-,04812404829910597633
2025/10/02 14:34:17,-,4,-,-,-,-,ポイント、残高の獲得,セブン-イレブン,PayPayポイント,-,-,04812404829910597633
2025/10/02 09:40:13,528,-,-,-,-,-,支払い,ファミリーマート - 三軒茶屋二丁目,"PayPayポイント (12円), PayPay残高 (516円)",-,-,04812253269104517120
2025/10/02 09:40:13,-,2,-,-,-,-,ポイント、残高の獲得,ファミリーマート,PayPayポイント,-,-,04812253269104517120
2025/10/01 14:03:09,646,-,-,-,-,-,支払い,ローソン - Ａｂｅｍａ　Ｔｏｗｅｒｓ,PayPay残高,-,-,04811646613563801604
2025/10/01 14:03:09,-,3,-,-,-,-,ポイント、残高の獲得,ローソン,PayPayポイント,-,-,04811646613563801604
2025/10/01 10:07:27,230,-,-,-,-,-,支払い,ファミリーマート - 渋谷宇田川交番前,"PayPayポイント (4円), PayPay残高 (226円)",-,-,04811525126119301122
2025/10/01 10:07:26,-,1,-,-,-,-,ポイント、残高の獲得,ファミリーマート,PayPayポイント,-,-,04811525126119301122
2025/09/30 12:28:54,"44,647",-,-,-,-,-,送った金額,宮元健斗だよ,PayPay残高,-,-,02099707587795623940
2025/09/30 12:28:52,-,"50,000",-,-,-,-,チャージ,PayPay,ゆうちょ銀行 *****41,-,-,02099707570615607296
2025/09/30 12:04:47,619,-,-,-,-,-,支払い,ローソン - Ａｂｅｍａ　Ｔｏｗｅｒｓ,PayPay残高,-,-,04810843437499801600
2025/09/30 12:04:47,-,3,-,-,-,-,ポイント、残高の獲得,ローソン,PayPayポイント,-,-,04810843437499801600
2025/09/30 09:02:10,230,-,-,-,-,-,支払い,ローソン - Ａｂｅｍａ　Ｔｏｗｅｒｓ,"PayPayポイント (55円), PayPay残高 (175円)",-,-,04810749308996370434
2025/09/29 14:06:51,-,5,-,-,-,-,ポイント、残高の獲得,ローソン,PayPayポイント,-,-,04810164171240775687
2025/09/29 14:06:51,"1,016",-,-,-,-,-,支払い,ローソン - Ａｂｅｍａ　Ｔｏｗｅｒｓ,PayPay残高,-,-,04810164171240775687
2025/09/29 09:32:52,230,-,-,-,-,-,支払い,ローソン - Ａｂｅｍａ　Ｔｏｗｅｒｓ,"PayPayポイント (32円), PayPay残高 (198円)",-,-,04810022969895018499
2025/09/28 22:05:23,"4,000",-,-,-,-,-,送った金額,村田雅弥,PayPay残高,-,-,02098520364345704452
2025/09/28 22:04:52,-,"4,000",-,-,-,-,チャージ,PayPay,ゆうちょ銀行 *****41,-,-,02098520098057691139
2025/09/28 17:30:11,"1,000",-,-,-,-,-,送った金額,村田雅弥,PayPay残高,-,-,02098378527345393667
2025/09/28 17:30:08,-,"3,000",-,-,-,-,チャージ,PayPay,ゆうちょ銀行 *****41,-,-,02098378492985729059
2025/09/28 17:20:00,"2,000",-,-,-,-,-,送った金額,村田雅弥,PayPay残高,-,-,02098373278895357953
2025/09/28 17:19:48,-,"2,000",-,-,-,-,チャージ,PayPay,ゆうちょ銀行 *****41,-,-,02098373175815798795
2025/09/28 13:56:02,230,-,-,-,-,-,支払い,ファミリーマート - 有楽町駅前,PayPay残高,-,-,04809416434613813248
2025/09/28 13:56:02,-,1,-,-,-,-,ポイント、残高の獲得,ファミリーマート,PayPayポイント,-,-,04809416434613813248
2025/09/28 13:30:20,"1,200",-,-,-,-,-,支払い,丸亀製麺 - 丸亀製麺　　JR有楽町駅,"PayPayポイント (1円), PayPay残高 (1,199円)",-,-,04809403188934672389
2025/09/28 13:30:20,-,5,-,-,-,-,ポイント、残高の獲得,丸亀製麺,PayPayポイント,-,-,04809403188934672389
2025/09/28 13:29:54,-,"1,000",-,-,-,-,チャージ,PayPay,ゆうちょ銀行 *****41,-,-,02098254677668626439
2025/09/27 17:34:47,"1,033",-,-,-,-,-,支払い,ローソン - 上野一丁目,"PayPayポイント (9円), PayPay残高 (1,024円)",-,-,04808787007156854785
2025/09/27 17:34:47,-,5,-,-,-,-,ポイント、残高の獲得,ローソン,PayPayポイント,-,-,04808787007156854785
2025/09/27 17:34:41,-,"1,000",-,-,-,-,チャージ,PayPay,ゆうちょ銀行 *****41,-,-,02097638676279156741
2025/09/26 20:12:48,415,-,-,-,-,-,支払い,セブン-イレブン - 世田谷上馬２丁目,PayPay残高,-,-,04808126277977735173
2025/09/26 20:12:48,-,2,-,-,-,-,ポイント、残高の獲得,セブン-イレブン,PayPayポイント,-,-,04808126277977735173
2025/09/26 20:12:45,-,"1,000",-,-,-,-,チャージ,PayPay,ゆうちょ銀行 *****41,-,-,02096977964280274960
2025/09/26 17:59:50,-,4,-,-,-,-,ポイント、残高の獲得,セブン-イレブン,PayPayポイント,-,-,04808057738889330694
2025/09/26 17:59:50,938,-,-,-,-,-,支払い,セブン-イレブン - 世田谷上馬２丁目,PayPay残高,-,-,04808057738889330694
2025/09/26 17:59:44,-,"1,000",-,-,-,-,チャージ,PayPay,ゆうちょ銀行 *****41,-,-,02096909416602214401
2025/09/26 11:28:51,995,-,-,-,-,-,支払い,セブン-イレブン - 世田谷上馬２丁目,"PayPayポイント (3円), PayPay残高 (992円)",-,-,04807856236203851780
2025/09/26 11:28:51,-,4,-,-,-,-,ポイント、残高の獲得,セブン-イレブン,PayPayポイント,-,-,04807856236203851780
2025/09/26 11:28:45,-,"1,000",-,-,-,-,チャージ,PayPay,ゆうちょ銀行 *****41,-,-,02096707905326522369
2025/09/25 21:08:28,-,1,-,-,-,-,ポイント、残高の獲得,ファミリーマート,PayPayポイント,-,-,04807412789420769286
2025/09/25 21:08:28,278,-,-,-,-,-,支払い,ファミリーマート - 三軒茶屋二丁目,PayPay残高,-,-,04807412789420769286
2025/09/25 18:07:55,-,2,-,-,-,-,ポイント、残高の獲得,ローソン,PayPayポイント,-,-,04807319734658785286
2025/09/25 18:07:55,497,-,-,-,-,-,支払い,ローソン - Ａｂｅｍａ　Ｔｏｗｅｒｓ,PayPay残高,-,-,04807319734658785286
2025/09/25 18:07:49,-,"1,000",-,-,-,-,チャージ,PayPay,ゆうちょ銀行 *****41,-,-,02096171403778605064
2025/09/25 13:30:18,768,-,-,-,-,-,支払い,ローソン - Ａｂｅｍａ　Ｔｏｗｅｒｓ,PayPay残高,-,-,04807176660708761604
2025/09/25 13:30:18,-,3,-,-,-,-,ポイント、残高の獲得,ローソン,PayPayポイント,-,-,04807176660708761604
2025/09/25 09:47:47,230,-,-,-,-,-,支払い,セブン-イレブン - 世田谷上馬２丁目,"PayPayポイント (8円), PayPay残高 (222円)",-,-,04807061976491794433
2025/09/25 09:47:47,-,1,-,-,-,-,ポイント、残高の獲得,セブン-イレブン,PayPayポイント,-,-,04807061976491794433
2025/09/25 09:47:43,-,"1,000",-,-,-,-,チャージ,PayPay,ゆうちょ銀行 *****41,-,-,02095913654201450512
2025/09/24 18:03:51,240,-,-,-,-,-,支払い,ローソン - Ａｂｅｍａ　Ｔｏｗｅｒｓ,PayPay残高,-,-,04806575468364439554
2025/09/24 18:03:50,-,1,-,-,-,-,ポイント、残高の獲得,ローソン,PayPayポイント,-,-,04806575468364439554
2025/09/24 12:13:10,-,4,-,-,-,-,ポイント、残高の獲得,ローソン,PayPayポイント,-,-,04806394727550763009
2025/09/24 12:13:10,806,-,-,-,-,-,支払い,ローソン - Ａｂｅｍａ　Ｔｏｗｅｒｓ,PayPay残高,-,-,04806394727550763009
2025/09/24 12:13:06,-,"1,000",-,-,-,-,チャージ,PayPay,ゆうちょ銀行 *****41,-,-,02095246422442229765
2025/09/24 08:49:13,230,-,-,-,-,-,支払い,ファミリーマート - 渋谷宇田川交番前,"PayPayポイント (4円), PayPay残高 (226円)",-,-,04806289621112119296
2025/09/24 08:49:13,-,1,-,-,-,-,ポイント、残高の獲得,ファミリーマート,PayPayポイント,-,-,04806289621112119296
2025/09/23 14:32:44,230,-,-,-,-,-,支払い,ファミリーマート - 銀座二丁目,PayPay残高,-,-,04805724497903960068
2025/09/23 14:32:44,-,1,-,-,-,-,ポイント、残高の獲得,ファミリーマート,PayPayポイント,-,-,04805724497903960068
2025/09/23 12:10:54,-,1,-,-,-,-,ポイント、残高の獲得,ファミリーマート,PayPayポイント,-,-,04805651388971417609
2025/09/23 12:10:54,230,-,-,-,-,-,支払い,ファミリーマート - 銀座二丁目,"PayPayポイント (4円), PayPay残高 (226円)",-,-,04805651388971417609
2025/09/22 23:44:48,689,-,-,-,-,-,支払い,ファミリーマート - 三軒茶屋二丁目,PayPay残高,-,-,04805266860549988352
2025/09/22 23:44:48,-,3,-,-,-,-,ポイント、残高の獲得,ファミリーマート,PayPayポイント,-,-,04805266860549988352
2025/09/22 23:44:42,-,"1,000",-,-,-,-,チャージ,PayPay,ゆうちょ銀行 *****41,-,-,02094118521082314763
2025/09/22 19:46:41,-,3,-,-,-,-,ポイント、残高の獲得,セブン-イレブン,PayPayポイント,-,-,04805144127563743238
2025/09/22 19:46:41,629,-,-,-,-,-,支払い,セブン-イレブン - 世田谷上馬２丁目,PayPay残高,-,-,04805144127563743238
2025/09/22 16:05:10,775,-,-,-,-,-,支払い,セリア - 2441西友三軒茶屋店,PayPay残高,-,-,04805029967333031936
2025/09/22 16:05:10,-,3,-,-,-,-,ポイント、残高の獲得,セリア,PayPayポイント,-,-,04805029967333031936
2025/09/22 11:56:46,-,14,-,-,-,-,ポイント、残高の獲得,ユニクロ,PayPayポイント,-,-,04804901934358478855
2025/09/22 11:56:46,"3,000",-,-,-,-,-,支払い,ユニクロ - キャロットタワー三軒茶屋とうきゅう店,"PayPayポイント (39円), PayPay残高 (2,961円)",-,-,04804901934358478855
2025/09/22 11:56:30,-,"4,000",-,-,-,-,チャージ,PayPay,ゆうちょ銀行 *****41,-,-,02093753526169600004
2025/09/18 18:04:54,-,1,-,-,-,-,ポイント、残高の獲得,セブン-イレブン,PayPayポイント,-,-,04802122987438153733
2025/09/18 18:04:54,341,-,-,-,-,-,支払い,セブン-イレブン - 成田国際空港第１ターミナル,PayPay残高,-,-,04802122987438153733
2025/09/18 17:31:10,-,13,-,-,-,-,ポイント、残高の獲得,ヤマダデンキ,PayPayポイント,-,-,04802105601410506758
2025/09/18 17:31:10,"2,728",-,-,-,-,-,支払い,ヤマダデンキ - 成田空港第一ターミナル店,PayPay残高,-,-,04802105601410506758
2025/09/18 17:31:05,-,"3,000",-,-,-,-,チャージ,PayPay,ゆうちょ銀行 *****41,-,-,02090957279121907725
2025/09/18 17:03:28,930,-,-,-,-,-,支払い,マクドナルド - マクドナルド成田空港第1ターミナル店,PayPay残高,-,-,04802091324938895369
2025/09/18 17:03:27,-,4,-,-,-,-,ポイント、残高の獲得,マクドナルド,PayPayポイント,-,-,04802091324938895369
2025/09/18 17:03:22,-,"1,000",-,-,-,-,チャージ,PayPay,ゆうちょ銀行 *****41,-,-,02090942994061058056
2025/09/18 11:48:12,110,-,-,-,-,-,支払い,セリア - 2441西友三軒茶屋店,PayPay残高,-,-,04801928846326685696
2025/09/17 21:31:08,"1,089",-,-,-,-,-,支払い,ファミリーマート - 三軒茶屋二丁目,PayPay残高,-,-,04801487117530136576
2025/09/17 21:31:08,-,5,-,-,-,-,ポイント、残高の獲得,ファミリーマート,PayPayポイント,-,-,04801487117530136576
2025/09/17 21:31:04,-,"2,000",-,-,-,-,チャージ,PayPay,ゆうちょ銀行 *****41,-,-,02090338803831422980
2025/09/17 12:57:58,-,3,-,-,-,-,ポイント、残高の獲得,ローソン,PayPayポイント,-,-,04801222624853581828
2025/09/17 12:57:58,768,-,-,-,-,-,支払い,ローソン - Ａｂｅｍａ　Ｔｏｗｅｒｓ,PayPay残高,-,-,04801222624853581828
2025/09/16 17:02:48,-,2,-,-,-,-,ポイント、残高の獲得,ローソン,PayPayポイント,-,-,04800606640642449424
2025/09/16 17:02:48,573,-,-,-,-,-,支払い,ローソン - Ａｂｅｍａ　Ｔｏｗｅｒｓ,PayPay残高,-,-,04800606640642449424
2025/09/16 17:02:45,-,"1,000",-,-,-,-,チャージ,PayPay,ゆうちょ銀行 *****41,-,-,02089458335535579167
2025/09/16 12:14:49,"1,016",-,-,-,-,-,支払い,ローソン - Ａｂｅｍａ　Ｔｏｗｅｒｓ,PayPay残高,-,-,04800458223752708097
2025/09/16 12:14:49,-,5,-,-,-,-,ポイント、残高の獲得,ローソン,PayPayポイント,-,-,04800458223752708097
2025/09/16 09:06:52,-,1,-,-,-,-,ポイント、残高の獲得,ローソン,PayPayポイント,-,-,04800361346470797315
2025/09/16 09:06:52,230,-,-,-,-,-,支払い,ローソン - Ａｂｅｍａ　Ｔｏｗｅｒｓ,PayPay残高,-,-,04800361346470797315
2025/09/15 22:00:51,405,-,-,-,-,-,支払い,ファミリーマート - 三軒茶屋二丁目,PayPay残高,-,-,04800018084094746626
2025/09/15 22:00:50,-,2,-,-,-,-,ポイント、残高の獲得,ファミリーマート,PayPayポイント,-,-,04800018084094746626
2025/09/15 17:45:27,749,-,-,-,-,-,支払い,ファミリーマート - 三軒茶屋一丁目,PayPay残高,-,-,04799886460526837768
2025/09/15 17:45:27,-,3,-,-,-,-,ポイント、残高の獲得,ファミリーマート,PayPayポイント,-,-,04799886460526837768
2025/09/15 15:48:19,-,12,-,-,-,-,ポイント、残高の獲得,ミネドラッグ,PayPayポイント,-,-,04799826081875804164
2025/09/15 15:48:19,"2,420",-,-,-,-,-,支払い,ミネドラッグ - ミネドラッグ　三軒茶屋店,PayPay残高,-,-,04799826081875804164
2025/09/15 15:48:09,-,"3,000",-,-,-,-,チャージ,PayPay,ゆうちょ銀行 *****41,-,-,02088677725229457408
2025/09/15 13:44:28,440,-,-,-,-,-,支払い,サンマルクカフェ - サンマルクカフェ三軒茶屋店,"PayPayポイント (8円), PayPay残高 (432円)",-,-,04799762258661859329
2025/09/15 13:44:28,-,2,-,-,-,-,ポイント、残高の獲得,サンマルクカフェ,PayPayポイント,-,-,04799762258661859329
2025/09/14 22:55:58,185,-,-,-,-,-,支払い,ファミリーマート - 三軒茶屋二丁目,PayPay残高,-,-,04799304320659005444
2025/09/14 22:12:49,"3,120",-,-,-,-,-,送った金額,宮元健斗だよ,PayPay残高,-,-,02088133810570878978
2025/09/14 22:12:26,-,"4,000",-,-,-,-,チャージ,PayPay,ゆうちょ銀行 *****41,-,-,02088133604412375048
2025/09/14 14:04:39,230,-,-,-,-,-,支払い,ファミリーマート - 恵比寿神社前,PayPay残高,-,-,04799030490724769801
2025/09/14 14:04:39,-,1,-,-,-,-,ポイント、残高の獲得,ファミリーマート,PayPayポイント,-,-,04799030490724769801
2025/09/14 14:04:35,-,"2,000",-,-,-,-,チャージ,PayPay,ゆうちょ銀行 *****41,-,-,02087882168436817941
2025/09/14 04:48:27,500,-,-,-,-,-,送った金額,村田雅弥,PayPay残高,-,-,02087595539499835392
2025/09/14 02:56:49,127,-,-,-,-,-,支払い,ローソン - 渋谷ランブリングストリート,PayPay残高,-,-,04798686283455283200
2025/09/14 00:31:19,"4,500",-,-,-,-,-,支払い,ATOMTOKYO - ATOMTOKYO,PayPay残高,-,-,04798611301915738112
2025/09/14 00:31:19,-,22,-,-,-,-,ポイント、残高の獲得,ATOMTOKYO,PayPayポイント,-,-,04798611301915738112
2025/09/14 00:31:09,-,"5,000",-,-,-,-,チャージ,PayPay,ゆうちょ銀行 *****41,-,-,02087462936679383040
2025/09/13 12:56:34,-,3,-,-,-,-,ポイント、残高の獲得,セブン-イレブン,PayPayポイント,-,-,04798253221902688264
2025/09/13 12:56:34,751,-,-,-,-,-,支払い,セブン-イレブン - 世田谷上馬２丁目,"PayPayポイント (4円), PayPay残高 (747円)",-,-,04798253221902688264
2025/09/13 12:56:30,-,"1,000",-,-,-,-,チャージ,PayPay,ゆうちょ銀行 *****41,-,-,02087104908205662238
2025/09/12 12:21:07,768,-,-,-,-,-,支払い,ローソン - Ａｂｅｍａ　Ｔｏｗｅｒｓ,PayPay残高,-,-,04797492789353070593
2025/09/12 12:21:07,-,3,-,-,-,-,ポイント、残高の獲得,ローソン,PayPayポイント,-,-,04797492789353070593
2025/09/12 10:45:11,-,1,-,-,-,-,ポイント、残高の獲得,ファミリーマート,PayPayポイント,-,-,04797443337099608068
2025/09/12 10:45:11,230,-,-,-,-,-,支払い,ファミリーマート - 渋谷宇田川交番前,"PayPayポイント (4円), PayPay残高 (226円)",-,-,04797443337099608068
2025/09/11 21:36:56,325,-,-,-,-,-,支払い,ファミリーマート - 三軒茶屋二丁目,PayPay残高,-,-,04797037076143366151
2025/09/11 21:36:55,-,1,-,-,-,-,ポイント、残高の獲得,ファミリーマート,PayPayポイント,-,-,04797037076143366151
2025/09/11 18:13:46,"1,035",-,-,-,-,-,支払い,セブン-イレブン - 世田谷上馬２丁目,PayPay残高,-,-,04796932373430476800
2025/09/11 18:13:46,-,5,-,-,-,-,ポイント、残高の獲得,セブン-イレブン,PayPayポイント,-,-,04796932373430476800
2025/09/11 18:13:42,-,"2,000",-,-,-,-,チャージ,PayPay,ゆうちょ銀行 *****41,-,-,02085784051142991883
2025/09/11 13:40:53,198,-,-,-,-,-,支払い,ファミリーマート - 三軒茶屋二丁目,PayPay残高,-,-,04796791721841065990
2025/09/11 08:17:07,410,-,-,-,-,-,支払い,ファミリーマート - 三軒茶屋二丁目,"PayPayポイント (30円), PayPay残高 (380円)",-,-,04796624862361387008
2025/09/11 08:17:07,-,1,-,-,-,-,ポイント、残高の獲得,ファミリーマート,PayPayポイント,-,-,04796624862361387008
2025/09/10 18:11:28,-,1,-,-,-,-,ポイント、残高の獲得,ローソン,PayPayポイント,-,-,04796189009080754186
2025/09/10 18:11:28,298,-,-,-,-,-,支払い,ローソン - Ａｂｅｍａ　Ｔｏｗｅｒｓ,PayPay残高,-,-,04796189009080754186
2025/09/10 18:11:25,-,"1,000",-,-,-,-,チャージ,PayPay,ゆうちょ銀行 *****41,-,-,02085040712563154952
2025/09/10 12:18:06,768,-,-,-,-,-,支払い,ローソン - Ａｂｅｍａ　Ｔｏｗｅｒｓ,PayPay残高,-,-,04796006893877141504
2025/09/10 12:18:06,-,3,-,-,-,-,ポイント、残高の獲得,ローソン,PayPayポイント,-,-,04796006893877141504
2025/09/10 12:18:01,-,"1,000",-,-,-,-,チャージ,PayPay,ゆうちょ銀行 *****41,-,-,02084858571590303749
2025/09/10 08:24:12,-,2,-,-,-,-,ポイント、残高の獲得,ファミリーマート,PayPayポイント,-,-,04795886334145134598
2025/09/10 08:24:12,488,-,-,-,-,-,支払い,ファミリーマート - 渋谷宇田川交番前,"PayPayポイント (1円), PayPay残高 (487円)",-,-,04795886334145134598
2025/09/09 19:49:04,603,-,-,-,-,-,支払い,セブン-イレブン - 世田谷三軒茶屋２丁目,PayPay残高,-,-,04795497141387485186
2025/09/09 19:49:03,-,3,-,-,-,-,ポイント、残高の獲得,セブン-イレブン,PayPayポイント,-,-,04795497141387485186
2025/09/09 19:48:59,-,"1,000",-,-,-,-,チャージ,PayPay,ゆうちょ銀行 *****41,-,-,02084348827691958285
2025/09/09 11:15:14,230,-,-,-,-,-,支払い,ファミリーマート - 渋谷宇田川交番前,"PayPayポイント (7円), PayPay残高 (223円)",-,-,04795232322294022144
2025/09/09 11:15:14,-,1,-,-,-,-,ポイント、残高の獲得,ファミリーマート,PayPayポイント,-,-,04795232322294022144
2025/09/08 17:43:00,290,-,-,-,-,-,支払い,ローソン - Ａｂｅｍａ　Ｔｏｗｅｒｓ,PayPay残高,-,-,04794690005361188867
2025/09/08 17:43:00,-,1,-,-,-,-,ポイント、残高の獲得,ローソン,PayPayポイント,-,-,04794690005361188867
2025/09/08 13:10:22,768,-,-,-,-,-,支払い,ローソン - Ａｂｅｍａ　Ｔｏｗｅｒｓ,"PayPayポイント (33円), PayPay残高 (735円)",-,-,04794549491212058624
2025/09/08 13:10:22,-,3,-,-,-,-,ポイント、残高の獲得,ローソン,PayPayポイント,-,-,04794549491212058624
2025/09/08 13:10:18,-,"1,000",-,-,-,-,チャージ,PayPay,ゆうちょ銀行 *****41,-,-,02083401177516630024
2025/09/08 08:27:26,-,2,-,-,-,-,ポイント、残高の獲得,ファミリーマート,PayPayポイント,-,-,04794403659892703240
2025/09/08 08:27:26,578,-,-,-,-,-,支払い,ファミリーマート - 渋谷宇田川交番前,PayPay残高,-,-,04794403659892703240
2025/09/07 15:07:41,"7,612",-,-,-,-,-,支払い,新時代 - 有楽町店,PayPay残高,-,-,04793867785412632577
2025/09/07 15:07:41,-,38,-,-,-,-,ポイント、残高の獲得,新時代,PayPayポイント,-,-,04793867785412632577
2025/09/07 10:56:34,378,-,-,-,-,-,支払い,ファミリーマート - 有楽町駅前,"PayPayポイント (1円), PayPay残高 (377円)",-,-,04793738360867340291
2025/09/07 10:56:34,-,1,-,-,-,-,ポイント、残高の獲得,ファミリーマート,PayPayポイント,-,-,04793738360867340291
2025/09/06 22:51:06,"4,270",-,-,-,-,-,支払い,しぶや駄菓子バー,PayPay残高,-,-,04793364458194558977
2025/09/06 22:51:06,-,21,-,-,-,-,ポイント、残高の獲得,しぶや駄菓子バー,PayPayポイント,-,-,04793364458194558977
2025/09/06 22:50:54,-,"10,000",-,-,-,-,チャージ,PayPay,ゆうちょ銀行 *****41,-,-,02082216067189719048
2025/09/06 18:55:07,-,"1,800",-,-,-,JP,受け取った金額,彩花,PayPay残高,-,-,02082094545385586692
2025/09/06 15:01:00,253,-,-,-,-,-,支払い,ファミリーマート - 恵比寿神社前,PayPay残高,-,-,04793122170500448259
2025/09/06 15:01:00,-,1,-,-,-,-,ポイント、残高の獲得,ファミリーマート,PayPayポイント,-,-,04793122170500448259
2025/09/06 12:48:33,230,-,-,-,-,-,支払い,ファミリーマート - 恵比寿神社前,"PayPayポイント (41円), PayPay残高 (189円)",-,-,04793053906289680384
2025/09/05 23:45:21,420,-,-,-,-,-,支払い,セブン-イレブン - 世田谷上馬２丁目,PayPay残高,-,-,04792650248083472384
2025/09/05 23:45:21,-,2,-,-,-,-,ポイント、残高の獲得,セブン-イレブン,PayPayポイント,-,-,04792650248083472384
2025/09/05 18:40:37,-,2,-,-,-,-,ポイント、残高の獲得,ファミリーマート,PayPayポイント,-,-,04792493181129416709
2025/09/05 18:40:37,590,-,-,-,-,-,支払い,ファミリーマート - 三軒茶屋二丁目,"PayPayポイント (8円), PayPay残高 (582円)",-,-,04792493181129416709
2025/09/04 22:22:05,-,550,-,-,-,JP,受け取った金額,ダイキ,PayPay残高,-,-,02080716883084640256
2025/09/03 21:49:21,369,-,-,-,-,-,支払い,ファミリーマート - 三軒茶屋二丁目,PayPay残高,-,-,04791106121440952320
2025/09/03 21:49:21,-,1,-,-,-,-,ポイント、残高の獲得,ファミリーマート,PayPayポイント,-,-,04791106121440952320
2025/09/03 20:01:32,619,-,-,-,-,-,支払い,ローソン - Ａｂｅｍａ　Ｔｏｗｅｒｓ,PayPay残高,-,-,04791050553154609154
2025/09/03 20:01:32,-,3,-,-,-,-,ポイント、残高の獲得,ローソン,PayPayポイント,-,-,04791050553154609154
2025/09/03 20:01:28,-,"3,000",-,-,-,-,チャージ,PayPay,ゆうちょ銀行 *****41,-,-,02079902239458344968
2025/09/03 10:41:58,768,-,-,-,-,-,支払い,ローソン - Ａｂｅｍａ　Ｔｏｗｅｒｓ,PayPay残高,-,-,04790762154690502656
2025/09/03 10:41:58,-,3,-,-,-,-,ポイント、残高の獲得,ローソン,PayPayポイント,-,-,04790762154690502656
2025/09/03 07:57:18,-,1,-,-,-,-,ポイント、残高の獲得,ファミリーマート,PayPayポイント,-,-,04790677277546536961
2025/09/03 07:57:18,230,-,-,-,-,-,支払い,ファミリーマート - 渋谷宇田川交番前,"PayPayポイント (23円), PayPay残高 (207円)",-,-,04790677277546536961
2025/09/02 16:00:59,-,7,-,-,-,-,ポイント、残高の獲得,星乃珈琲店,PayPayポイント,-,-,04790184395689181187
2025/09/02 16:00:59,"1,400",-,-,-,-,-,支払い,星乃珈琲店 - 銀座4丁目,PayPay残高,-,-,04790184395689181187
2025/09/02 16:00:49,-,"2,000",-,-,-,-,チャージ,PayPay,ゆうちょ銀行 *****41,-,-,02079036030454833160
2025/09/02 10:18:38,-,5,-,-,-,-,ポイント、残高の獲得,ファミリーマート,PayPayポイント,-,-,04790007949843161089
2025/09/02 10:18:38,"1,019",-,-,-,-,-,支払い,ファミリーマート - 三軒茶屋二丁目,"PayPayポイント (1円), PayPay残高 (1,018円)",-,-,04790007949843161089
2025/09/02 10:18:33,-,"1,000",-,-,-,-,チャージ,PayPay,ゆうちょ銀行 *****41,-,-,02078859636147437573
2025/09/01 19:28:10,811,-,-,-,-,-,支払い,ファミリーマート - 三軒茶屋二丁目,PayPay残高,-,-,04789549015406206981
2025/09/01 19:28:10,-,4,-,-,-,-,ポイント、残高の獲得,ファミリーマート,PayPayポイント,-,-,04789549015406206981
2025/09/01 05:13:58,"1,500",-,-,-,-,-,期間限定ポイントの期限切れ,-,PayPayポイント,-,-,03918426439502995513
2025/08/31 22:37:11,"8,465",-,-,-,-,-,送った金額,ダイキ,PayPay残高,-,-,02077755984171008003
2025/08/31 20:45:33,"11,154",-,-,-,-,-,支払い,牡蠣と和牛の奴隷 - 牡蠣と和牛の奴隷,"PayPayポイント (2円), PayPay残高 (11,152円)",-,-,04788846728123375616
2025/08/31 20:45:33,-,55,-,-,-,-,ポイント、残高の獲得,牡蠣と和牛の奴隷,PayPayポイント,-,-,04788846728123375616
2025/08/31 20:45:27,-,"20,000",-,-,-,-,チャージ,PayPay,ゆうちょ銀行 *****41,-,-,02077698388659625996
2025/08/31 12:05:40,"3,000",-,-,-,-,JP,送った金額,ひらの,PayPay残高,-,-,02077430502958899204
2025/08/30 23:54:20,552,-,-,-,-,-,支払い,ファミリーマート - 三軒茶屋二丁目,PayPay残高,-,-,04788201855963914240
2025/08/30 23:54:20,-,2,-,-,-,-,ポイント、残高の獲得,ファミリーマート,PayPayポイント,-,-,04788201855963914240
2025/08/30 23:50:17,160,-,-,-,-,-,支払い,ファミリーマート - 三軒茶屋二丁目,"PayPayポイント (78円), PayPay残高 (82円)",-,-,04788199760019628040
2025/08/30 23:08:18,"3,000",-,-,-,-,-,送った金額,村田雅弥,PayPay残高,-,-,02077029842640207888
2025/08/30 00:20:19,-,30,-,-,-,-,ポイント、残高の獲得,ASOBIBAR,PayPayポイント,-,-,04787473068732948482
2025/08/30 00:20:19,"6,000",-,-,-,-,-,支払い,ASOBIBAR - 渋谷横丁前店,PayPay残高,-,-,04787473068732948482
2025/08/30 00:08:49,"6,200",-,-,-,-,-,送った金額,宮元健斗だよ,PayPay残高,-,-,02076318862343962624
2025/08/30 00:08:25,-,"6,200",-,-,-,-,チャージ,PayPay,ゆうちょ銀行 *****41,-,-,02076318664775303184
2025/08/29 13:57:23,230,-,-,-,-,-,支払い,ファミリーマート - 渋谷宇田川交番前,"PayPayポイント (14円), PayPay残高 (216円)",-,-,04787152019927793664
2025/08/29 13:57:23,-,1,-,-,-,-,ポイント、残高の獲得,ファミリーマート,PayPayポイント,-,-,04787152019927793664
2025/08/28 18:42:03,"1,443",-,-,-,-,-,支払い,セブン-イレブン - 世田谷上馬２丁目,PayPay残高,-,-,04786556565662072832
2025/08/28 18:42:03,-,7,-,-,-,-,ポイント、残高の獲得,セブン-イレブン,PayPayポイント,-,-,04786556565662072832
2025/08/28 10:19:13,-,"15,000",-,-,-,JP,受け取った金額,ダイキ,PayPay残高,-,-,02075149128000430082
2025/08/28 08:52:07,415,-,-,-,-,-,支払い,ファミリーマート - 三軒茶屋二丁目,"PayPayポイント (10円), PayPay残高 (405円)",-,-,04786252516336795649
2025/08/28 08:52:07,-,2,-,-,-,-,ポイント、残高の獲得,ファミリーマート,PayPayポイント,-,-,04786252516336795649
2025/08/27 12:57:27,-,3,-,-,-,-,ポイント、残高の獲得,ファミリーマート,PayPayポイント,-,-,04785636781233577986
2025/08/27 12:57:27,738,-,-,-,-,-,支払い,ファミリーマート - 渋谷宇田川交番前,"PayPayポイント (16円), PayPay残高 (722円)",-,-,04785636781233577986
2025/08/27 12:57:23,-,"1,000",-,-,-,-,チャージ,PayPay,ゆうちょ銀行 *****41,-,-,02074488467541729312
2025/08/26 17:05:32,-,4,-,-,-,-,ポイント、残高の獲得,ローソン,PayPayポイント,-,-,04785022472062074891
2025/08/26 17:05:32,875,-,-,-,-,-,支払い,ローソン - Ａｂｅｍａ　Ｔｏｗｅｒｓ,PayPay残高,-,-,04785022472062074891
2025/08/26 13:56:50,"4,500",-,-,-,-,JP,送った金額,ダイキ,PayPay残高,-,-,02073776937488719878
2025/08/26 13:56:32,-,"5,000",-,-,-,-,チャージ,PayPay,ゆうちょ銀行 *****41,-,-,02073776791460724743
2025/08/26 12:27:11,646,-,-,-,-,-,支払い,ローソン - Ａｂｅｍａ　Ｔｏｗｅｒｓ,PayPay残高,-,-,04784879011563896837
2025/08/26 12:27:10,-,3,-,-,-,-,ポイント、残高の獲得,ローソン,PayPayポイント,-,-,04784879011563896837
2025/08/26 12:27:04,-,"1,000",-,-,-,-,チャージ,PayPay,ゆうちょ銀行 *****41,-,-,02073730680691556374
2025/08/26 09:04:38,-,1,-,-,-,-,ポイント、残高の獲得,ローソン,PayPayポイント,-,-,04784774618088816645
2025/08/26 09:04:38,230,-,-,-,-,-,支払い,ローソン - 渋谷区井の頭通,"PayPayポイント (6円), PayPay残高 (224円)",-,-,04784774618088816645
2025/08/25 19:00:26,-,4,-,-,-,-,ポイント、残高の獲得,ファミリーマート,PayPayポイント,-,-,04784339520721436676
2025/08/25 19:00:26,969,-,-,-,-,-,支払い,ファミリーマート - 三軒茶屋二丁目,"PayPayポイント (12円), PayPay残高 (957円)",-,-,04784339520721436676
2025/08/25 19:00:15,-,"1,000",-,-,-,-,チャージ,PayPay,ゆうちょ銀行 *****41,-,-,02073191146899914789
2025/08/24 18:33:05,"2,639",-,-,-,-,-,送った金額,村田雅弥,PayPay残高,-,-,02072434983547019265
2025/08/24 18:32:03,-,"3,000",-,-,-,-,チャージ,PayPay,ゆうちょ銀行 *****41,-,-,02072434442381738010
2025/08/24 12:06:48,840,-,-,-,-,-,支払い,丸亀製麺 - 丸亀製麺　　JR有楽町駅,"PayPayポイント (14円), PayPay残高 (826円)",-,-,04783384173965770752
2025/08/24 12:06:48,-,4,-,-,-,-,ポイント、残高の獲得,丸亀製麺,PayPayポイント,-,-,04783384173965770752
2025/08/24 12:06:22,-,"1,000",-,-,-,-,チャージ,PayPay,ゆうちょ銀行 *****41,-,-,02072235671295295505
2025/08/23 22:46:39,646,-,-,-,-,-,支払い,ファミリーマート - 三軒茶屋二丁目,PayPay残高,-,-,04782971779796779009
2025/08/23 22:46:39,-,3,-,-,-,-,ポイント、残高の獲得,ファミリーマート,PayPayポイント,-,-,04782971779796779009
2025/08/23 12:19:05,768,-,-,-,-,-,支払い,ファミリーマート - 三軒茶屋二丁目,PayPay残高,-,-,04782648334399078404
2025/08/23 12:19:05,-,3,-,-,-,-,ポイント、残高の獲得,ファミリーマート,PayPayポイント,-,-,04782648334399078404
2025/08/23 12:19:02,-,"1,000",-,-,-,-,チャージ,PayPay,ゆうちょ銀行 *****41,-,-,02071500029296910340
2025/08/22 12:30:23,-,3,-,-,-,-,ポイント、残高の獲得,ローソン,PayPayポイント,-,-,04781911979436638225
2025/08/22 12:30:23,646,-,-,-,-,-,支払い,ローソン - Ａｂｅｍａ　Ｔｏｗｅｒｓ,PayPay残高,-,-,04781911979436638225
2025/08/22 10:41:30,230,-,-,-,-,-,支払い,ファミリーマート - 渋谷宇田川交番前,"PayPayポイント (10円), PayPay残高 (220円)",-,-,04781855869983604738
2025/08/22 10:41:30,-,1,-,-,-,-,ポイント、残高の獲得,ファミリーマート,PayPayポイント,-,-,04781855869983604738
2025/08/21 21:06:10,-,1,-,-,-,-,ポイント、残高の獲得,ローソン,PayPayポイント,-,-,04781435641791922179
2025/08/21 21:06:10,349,-,-,-,-,-,支払い,ローソン - 三軒茶屋,PayPay残高,-,-,04781435641791922179
2025/08/21 20:54:44,-,17,-,-,-,-,ポイント、残高の獲得,Agu hair,PayPayポイント,-,-,04781429749096939529
2025/08/21 20:54:44,"3,500",-,-,-,-,-,支払い,Agu hair - Agu hair jaya,PayPay残高,-,-,04781429749096939529
2025/08/21 20:54:29,-,"5,000",-,-,-,-,チャージ,PayPay,ゆうちょ銀行 *****41,-,-,02070281340916170773
2025/08/21 17:06:45,522,-,-,-,-,-,支払い,ファミリーマート - 三軒茶屋二丁目,PayPay残高,-,-,04781312255971434500
2025/08/21 17:06:45,-,2,-,-,-,-,ポイント、残高の獲得,ファミリーマート,PayPayポイント,-,-,04781312255971434500
2025/08/21 11:31:48,"1,030",-,-,-,-,-,支払い,セブン-イレブン - 世田谷三軒茶屋２丁目,"PayPayポイント (2円), PayPay残高 (1,028円)",-,-,04781139624055414784
2025/08/21 11:31:48,-,5,-,-,-,-,ポイント、残高の獲得,セブン-イレブン,PayPayポイント,-,-,04781139624055414784
2025/08/21 11:31:43,-,"1,000",-,-,-,-,チャージ,PayPay,ゆうちょ銀行 *****41,-,-,02069991301774139392
2025/08/20 12:28:51,955,-,-,-,-,-,支払い,AOSHIMAYAお土産,"PayPayポイント (131円), PayPay残高 (824円)",-,-,04780426857050898433
2025/08/20 12:28:51,-,4,-,-,-,-,ポイント、残高の獲得,AOSHIMAYAお土産,PayPayポイント,-,-,04780426857050898433
2025/08/20 12:28:47,-,"1,000",-,-,-,-,チャージ,PayPay,ゆうちょ銀行 *****41,-,-,02069278543360122890
2025/08/20 10:35:14,"20,000",-,-,-,-,-,送った金額,ゆち,PayPay残高,-,-,02069220011547041792
2025/08/20 10:34:39,-,"20,000",-,-,-,-,チャージ,PayPay,ゆうちょ銀行 *****41,-,-,02069219710899388433
2025/08/19 15:52:03,"4,500",-,-,-,-,-,送った金額,ゆち,PayPay残高,-,-,02068641135854534656
2025/08/17 14:59:38,118,-,-,-,-,-,支払い,ファミリーマート - 菊陽津久礼,"PayPayポイント (8円), PayPay残高 (110円)",-,-,04778278059140710404
2025/08/16 18:51:08,-,8,-,-,-,-,ポイント、残高の獲得,べじ倶楽部,PayPayポイント,-,-,04777655194393624598
2025/08/16 18:51:08,"1,800",-,-,-,-,-,支払い,べじ倶楽部 - べじ倶楽部,"PayPayポイント (14円), PayPay残高 (1,786円)",-,-,04777655194393624598
2025/08/14 20:05:02,-,"5,000",-,-,-,-,チャージ,PayPay,ゆうちょ銀行 *****41,-,-,02065060662137151508
2025/08/14 16:49:15,954,-,-,-,-,-,支払い,ローソン - 熊本北郵便局前,PayPay残高,-,-,04776108044093456389
2025/08/14 16:49:15,-,4,-,-,-,-,ポイント、残高の獲得,ローソン,PayPayポイント,-,-,04776108044093456389
2025/08/13 13:35:23,987,-,-,-,-,-,支払い,ローソン - 熊本北郵便局前,"PayPayポイント (8円), PayPay残高 (979円)",-,-,04775265955623567365
2025/08/13 13:35:23,-,4,-,-,-,-,ポイント、残高の獲得,ローソン,PayPayポイント,-,-,04775265955623567365
2025/08/12 10:32:40,"6,039",-,-,-,-,-,支払い,ヤマダデンキグループ - 光の森店,"PayPayポイント (8円), PayPay残高 (6,031円)",-,-,04774429605230075907
2025/08/12 10:32:39,-,30,-,-,-,-,ポイント、残高の獲得,ヤマダデンキグループ,PayPayポイント,-,-,04774429605230075907
2025/08/12 10:32:34,-,"5,000",-,-,-,-,チャージ,PayPay,ゆうちょ銀行 *****41,-,-,02063281282953920512
2025/08/12 10:32:19,-,"5,000",-,-,-,-,チャージ,PayPay,ゆうちょ銀行 *****41,-,-,02063281145514975269
2025/08/11 16:29:18,235,-,-,-,-,-,支払い,セブン-イレブン - 羽田空港Ｔ２出発ゲート,PayPay残高,-,-,04773871250891997184
2025/08/11 16:29:18,-,1,-,-,-,-,ポイント、残高の獲得,セブン-イレブン,PayPayポイント,-,-,04773871250891997184
2025/08/11 01:06:28,185,-,-,-,-,-,支払い,ファミリーマート - 三軒茶屋二丁目,PayPay残高,-,-,04773395626213335040
2025/08/10 19:58:47,518,-,-,-,-,-,支払い,セブン-イレブン - 世田谷三軒茶屋２丁目,PayPay残高,-,-,04773237038840365062
2025/08/10 19:58:46,-,2,-,-,-,-,ポイント、残高の獲得,セブン-イレブン,PayPayポイント,-,-,04773237038840365062
2025/08/10 19:58:33,-,"1,000",-,-,-,-,チャージ,PayPay,ゆうちょ銀行 *****41,-,-,02062088647844986900
2025/08/10 16:05:33,-,1,-,-,-,-,ポイント、残高の獲得,サンマルクカフェ,PayPayポイント,-,-,04773116831296806918
2025/08/10 16:05:33,320,-,-,-,-,-,支払い,サンマルクカフェ - サンマルクカフェ三軒茶屋店,"PayPayポイント (10円), PayPay残高 (310円)",-,-,04773116831296806918
2025/08/10 04:28:00,-,4,-,-,-,-,ポイント、残高の獲得,ファミリーマート,PayPayポイント,-,-,04772757316764221441
2025/08/10 04:28:00,922,-,-,-,-,-,支払い,ファミリーマート - 三軒茶屋二丁目,PayPay残高,-,-,04772757316764221441
2025/08/10 04:27:57,-,"1,000",-,-,-,-,チャージ,PayPay,ゆうちょ銀行 *****41,-,-,02061609011666034692
2025/08/10 04:24:25,"1,000",-,-,-,-,-,送った金額,村田雅弥,PayPay残高,-,-,02061607199192801280
2025/08/10 04:24:06,-,"1,000",-,-,-,-,チャージ,PayPay,ゆうちょ銀行 *****41,-,-,02061607035981389827
2025/08/09 21:12:54,"6,000",-,-,-,-,-,支払い,ASOBIBAR - 新宿歌舞伎町タワー前店,PayPay残高,-,-,04772533067932090370
2025/08/09 21:12:53,-,30,-,-,-,-,ポイント、残高の獲得,ASOBIBAR,PayPayポイント,-,-,04772533067932090370
2025/08/09 21:12:16,-,"6,000",-,-,-,-,チャージ,PayPay,ゆうちょ銀行 *****41,-,-,02061384470778003456
2025/08/09 13:44:41,820,-,-,-,-,-,支払い,ドトールコーヒー - ＤＣＳ・飯田橋神楽坂店,"PayPayポイント (32円), PayPay残高 (788円)",-,-,04772302058820485130
2025/08/09 13:44:40,-,3,-,-,-,-,ポイント、残高の獲得,ドトールコーヒー,PayPayポイント,-,-,04772302058820485130
2025/08/09 13:44:31,-,"1,000",-,-,-,-,チャージ,PayPay,ゆうちょ銀行 *****41,-,-,02061153693593051147
2025/08/08 22:21:56,438,-,-,-,-,-,支払い,セブン-イレブン - 世田谷上馬２丁目,"PayPayポイント (116円), PayPay残高 (322円)",-,-,04771826477092175875
2025/08/08 22:21:55,-,1,-,-,-,-,ポイント、残高の獲得,セブン-イレブン,PayPayポイント,-,-,04771826477092175875
2025/08/07 21:42:19,"4,500",-,-,-,-,-,送った金額,しの,PayPay残高,-,-,02059915617733484544
2025/08/07 21:42:17,-,"3,000",-,-,-,-,チャージ,PayPay,ゆうちょ銀行 *****41,-,-,02059915600551895044
2025/08/07 01:57:49,"8,360",-,-,-,-,-,支払い,Darts UP - 渋谷道玄坂,"PayPayポイント (4円), PayPay残高 (8,356円)",-,-,04770453401817186306
2025/08/07 01:57:48,-,41,-,-,-,-,ポイント、残高の獲得,Darts UP,PayPayポイント,-,-,04770453401817186306
2025/08/07 01:57:33,-,"10,000",-,-,-,-,チャージ,PayPay,ゆうちょ銀行 *****41,-,-,02059304993640275972
2025/08/06 21:56:46,"6,160",-,-,-,-,-,送った金額,たけうちあみ,PayPay残高,-,-,02059180894857134082
2025/08/06 21:55:10,-,"6,000",-,-,-,-,チャージ,PayPay,ゆうちょ銀行 *****41,-,-,02059180061633454096
2025/08/06 07:33:15,-,2,-,-,-,-,ポイント、残高の獲得,ファミリーマート,PayPayポイント,-,-,04769884112490536961
2025/08/06 07:33:15,578,-,-,-,-,-,支払い,ファミリーマート - 渋谷宇田川交番前,"PayPayポイント (2円), PayPay残高 (576円)",-,-,04769884112490536961
2025/08/05 19:43:26,557,-,-,-,-,-,支払い,セブン-イレブン - 世田谷三軒茶屋２丁目,PayPay残高,-,-,04769518284354142212
2025/08/05 19:43:26,-,2,-,-,-,-,ポイント、残高の獲得,セブン-イレブン,PayPayポイント,-,-,04769518284354142212
2025/08/05 19:43:23,-,"1,000",-,-,-,-,チャージ,PayPay,ゆうちょ銀行 *****41,-,-,02058369970670829589
2025/08/05 17:14:19,160,-,-,-,-,-,支払い,ローソン - Ａｂｅｍａ　Ｔｏｗｅｒｓ,PayPay残高,-,-,04769441421620011016
2025/08/05 12:39:17,538,-,-,-,-,-,支払い,ローソン - Ａｂｅｍａ　Ｔｏｗｅｒｓ,PayPay残高,-,-,04769299679109545988
2025/08/05 12:39:17,-,2,-,-,-,-,ポイント、残高の獲得,ローソン,PayPayポイント,-,-,04769299679109545988
2025/08/05 12:39:14,-,"1,000",-,-,-,-,チャージ,PayPay,ゆうちょ銀行 *****41,-,-,02058151365426003996
2025/08/05 08:38:53,-,2,-,-,-,-,ポイント、残高の獲得,ファミリーマート,PayPayポイント,-,-,04769175769301819399
2025/08/05 08:38:53,521,-,-,-,-,-,支払い,ファミリーマート - 渋谷宇田川交番前,"PayPayポイント (20円), PayPay残高 (501円)",-,-,04769175769301819399
2025/08/04 20:31:49,-,3,-,-,-,-,ポイント、残高の獲得,ファミリーマート,PayPayポイント,-,-,04768801041995415558
2025/08/04 20:31:49,767,-,-,-,-,-,支払い,ファミリーマート - 三軒茶屋二丁目,PayPay残高,-,-,04768801041995415558
2025/08/04 13:27:59,-,3,-,-,-,-,ポイント、残高の獲得,ローソン,PayPayポイント,-,-,04768582599959003144
2025/08/04 13:27:59,768,-,-,-,-,-,支払い,ローソン - Ａｂｅｍａ　Ｔｏｗｅｒｓ,PayPay残高,-,-,04768582599959003144
2025/08/04 09:34:22,285,-,-,-,-,-,支払い,ローソン - Ａｂｅｍａ　Ｔｏｗｅｒｓ,PayPay残高,-,-,04768462194845605893
2025/08/04 09:34:21,-,1,-,-,-,-,ポイント、残高の獲得,ローソン,PayPayポイント,-,-,04768462194845605893
2025/08/04 08:12:05,"3,102",-,-,-,-,-,支払い,ツルハホールディングス - ツルハドラッグ渋谷センター街店,PayPay残高,-,-,04768419794928181249
2025/08/04 08:12:05,-,15,-,-,-,-,ポイント、残高の獲得,ツルハホールディングス,PayPayポイント,-,-,04768419794928181249
2025/08/04 08:11:57,-,"3,000",-,-,-,-,チャージ,PayPay,ゆうちょ銀行 *****41,-,-,02057271446885490688
2025/08/04 08:07:39,230,-,-,-,-,-,支払い,ファミリーマート - 渋谷宇田川交番前,PayPay残高,-,-,04768417510006308865
2025/08/04 08:07:39,-,1,-,-,-,-,ポイント、残高の獲得,ファミリーマート,PayPayポイント,-,-,04768417510006308865
2025/08/03 16:41:55,490,-,-,-,-,-,支払い,ファミリーマート - 三軒茶屋二丁目,"PayPayポイント (108円), PayPay残高 (382円)",-,-,04767940390679355395
2025/08/03 16:41:55,-,1,-,-,-,-,ポイント、残高の獲得,ファミリーマート,PayPayポイント,-,-,04767940390679355395
2025/08/03 05:06:44,"3,500",-,-,-,-,-,送った金額,はるき,PayPay残高,-,-,02056433816592818176
2025/08/03 05:05:55,-,"4,000",-,-,-,-,チャージ,PayPay,ゆうちょ銀行 *****41,-,-,02056433387096072196
2025/08/01 15:33:54,226,-,-,-,-,-,支払い,ファミリーマート - 三軒茶屋二丁目,"PayPayポイント (12円), PayPay残高 (214円)",-,-,04766420994458386432
2025/08/01 15:33:54,-,2,-,-,-,-,ポイント、残高の獲得,ファミリーマート,PayPayポイント,-,-,04766420994458386432
2025/07/31 22:15:03,"7,410",-,-,-,-,-,支払い,鳥貴族 - 鳥貴族　渋谷公園通り店,PayPay残高,-,-,04765885575239311361
2025/07/31 22:15:03,-,74,-,-,-,-,ポイント、残高の獲得,鳥貴族,PayPayポイント,-,-,04765885575239311361
2025/07/31 22:14:54,-,"10,008",-,-,-,-,チャージ,PayPay,ゆうちょ銀行 *****41,-,-,02054737218610814976
2025/07/31 12:02:15,565,-,-,-,-,-,支払い,ファミリーマート - 三軒茶屋二丁目,"PayPayポイント (2円), PayPay残高 (563円)",-,-,04765569740525019141
2025/07/31 12:02:15,-,4,-,-,-,-,ポイント、残高の獲得,ファミリーマート,PayPayポイント,-,-,04765569740525019141
2025/07/30 17:32:29,993,-,-,-,-,-,支払い,ファミリーマート - 三軒茶屋二丁目,PayPay残高,-,-,04764997771139637248
2025/07/30 17:32:29,-,8,-,-,-,-,ポイント、残高の獲得,ファミリーマート,PayPayポイント,-,-,04764997771139637248
2025/07/30 12:09:15,-,6,-,-,-,-,ポイント、残高の獲得,ファミリーマート,PayPayポイント,-,-,04764831169358061598
2025/07/30 12:09:15,720,-,-,-,-,-,支払い,ファミリーマート - 三軒茶屋二丁目,PayPay残高,-,-,04764831169358061598
2025/07/29 20:14:42,676,-,-,-,-,-,支払い,ファミリーマート - 三軒茶屋二丁目,PayPay残高,-,-,04764339206620790785
2025/07/29 20:14:42,-,6,-,-,-,-,ポイント、残高の獲得,ファミリーマート,PayPayポイント,-,-,04764339206620790785
2025/07/29 20:14:39,-,"3,000",-,-,-,-,チャージ,PayPay,ゆうちょ銀行 *****41,-,-,02053190892945219606
2025/07/29 18:24:59,-,2,-,-,-,-,ポイント、残高の獲得,ローソン,PayPayポイント,-,-,04764282650491928583
2025/07/29 18:24:59,216,-,-,-,-,-,支払い,ローソン - Ａｂｅｍａ　Ｔｏｗｅｒｓ,PayPay残高,-,-,04764282650491928583
2025/07/29 16:40:18,162,-,-,-,-,-,支払い,ローソン - Ａｂｅｍａ　Ｔｏｗｅｒｓ,PayPay残高,-,-,04764228705702043649
2025/07/29 13:41:10,230,-,-,-,-,-,支払い,ローソン - 渋谷区井の頭通,"PayPayポイント (12円), PayPay残高 (218円)",-,-,04764136381085696005
2025/07/29 13:41:10,-,2,-,-,-,-,ポイント、残高の獲得,ローソン,PayPayポイント,-,-,04764136381085696005
2025/07/28 20:29:45,-,4,-,-,-,-,ポイント、残高の獲得,ファミリーマート,PayPayポイント,-,-,04763604784393535496
2025/07/28 20:29:45,590,-,-,-,-,-,支払い,ファミリーマート - 三軒茶屋二丁目,PayPay残高,-,-,04763604784393535496
2025/07/28 12:01:30,-,12,-,-,-,-,ポイント、残高の獲得,ローソン,PayPayポイント,-,-,04763342834337824775
2025/07/28 12:01:30,"1,326",-,-,-,-,-,支払い,ローソン - 渋谷区井の頭通,"PayPayポイント (94円), PayPay残高 (1,232円)",-,-,04763342834337824775
2025/07/27 23:48:30,185,-,-,-,-,-,支払い,ファミリーマート - 三軒茶屋二丁目,PayPay残高,-,-,04762965057604730882
2025/07/27 15:14:32,800,-,-,-,-,-,送った金額,オノ,PayPay残高,-,-,02051551881886179328
2025/07/27 15:14:30,-,"3,000",-,-,-,-,チャージ,PayPay,ゆうちょ銀行 *****41,-,-,02051551864705630211
2025/07/27 14:51:31,605,-,-,-,-,-,支払い,東急ストア - 三軒茶屋東急ストア　アンデルセン,PayPay残高,-,-,04762688289911595014
2025/07/27 14:51:30,-,6,-,-,-,-,ポイント、残高の獲得,東急ストア,PayPayポイント,-,-,04762688289911595014
2025/07/26 23:06:15,"1,398",-,-,-,-,-,支払い,ファミリーマート - 三軒茶屋二丁目,"PayPayポイント (64円), PayPay残高 (1,334円)",-,-,04762201103180963844
2025/07/26 23:06:14,-,12,-,-,-,-,ポイント、残高の獲得,ファミリーマート,PayPayポイント,-,-,04762201103180963844
2025/07/26 14:34:28,"2,700",-,-,-,-,-,送った金額,宮元健斗だよ,PayPay残高,-,-,02050789061334769667
2025/07/26 14:34:25,-,"3,000",-,-,-,-,チャージ,PayPay,ゆうちょ銀行 *****41,-,-,02050789026974072858
2025/07/26 14:02:53,800,-,-,-,-,-,送った金額,村田雅弥,PayPay残高,-,-,02050772783408586762
2025/07/25 21:05:07,880,-,-,-,-,-,支払い,ファミリーマート - 鐘ヶ淵駅前,PayPay残高,-,-,04761396509778460673
2025/07/25 21:05:07,-,8,-,-,-,-,ポイント、残高の獲得,ファミリーマート,PayPayポイント,-,-,04761396509778460673
2025/07/25 15:43:41,18,-,-,-,-,-,ポイント、残高の取消,-,PayPayポイント,-,-,4758505833574473729#53795
2025/07/25 15:43:33,-,"3,633",-,-,-,-,返金,SHEIN,PayPay残高,-,-,04758505833574473729
2025/07/25 15:43:33,36,-,-,-,-,-,ポイント、残高の取消,-,PayPayポイント,-,-,04758505833574473729
2025/07/25 10:05:03,-,6,-,-,-,-,ポイント、残高の獲得,セブン-イレブン,PayPayポイント,-,-,04761056305418469380
2025/07/25 10:05:03,706,-,-,-,-,-,支払い,セブン-イレブン - 墨田５丁目,"PayPayポイント (28円), PayPay残高 (678円)",-,-,04761056305418469380
2025/07/25 10:04:59,-,"1,000",-,-,-,-,チャージ,PayPay,ゆうちょ銀行 *****41,-,-,02049907991742930950
2025/07/23 12:12:01,-,6,-,-,-,-,ポイント、残高の獲得,ローソン,PayPayポイント,-,-,04759637402841071621
2025/07/23 12:12:00,768,-,-,-,-,-,支払い,ローソン - Ａｂｅｍａ　Ｔｏｗｅｒｓ,PayPay残高,-,-,04759637402841071621
2025/07/23 09:43:59,149,-,-,-,-,-,支払い,ローソン - Ａｂｅｍａ　Ｔｏｗｅｒｓ,PayPay残高,-,-,04759561107041312775
2025/07/23 07:34:22,551,-,-,-,-,-,支払い,ファミリーマート - 渋谷宇田川交番前,"PayPayポイント (20円), PayPay残高 (531円)",-,-,04759494311710277632
2025/07/23 07:34:22,-,4,-,-,-,-,ポイント、残高の獲得,ファミリーマート,PayPayポイント,-,-,04759494311710277632
2025/07/22 08:58:25,-,2,-,-,-,-,ポイント、残高の獲得,ローソン,PayPayポイント,-,-,04758795451809898501
2025/07/22 08:58:25,230,-,-,-,-,-,支払い,ローソン - Ａｂｅｍａ　Ｔｏｗｅｒｓ,"PayPayポイント (10円), PayPay残高 (220円)",-,-,04758795451809898501
2025/07/21 23:36:34,-,47,-,-,-,-,ポイント、残高の獲得,SHEIN,PayPayポイント,-,-,4758505833574473729#53795
2025/07/21 23:36:29,"9,573",-,-,-,-,-,支払い,SHEIN,PayPay残高,-,-,04758505833574473729
2025/07/21 23:36:28,-,94,-,-,-,-,ポイント、残高の獲得,SHEIN,PayPayポイント,-,-,04758505833574473729
2025/07/21 23:36:27,-,"10,000",-,-,-,-,チャージ,PayPay,ゆうちょ銀行 *****41,-,-,02047357545668182016
2025/07/21 21:01:23,127,-,-,-,-,-,支払い,SHEIN,PayPay残高,-,-,04758425895643316231
2025/07/21 20:51:52,"2,500",-,-,-,-,-,送った金額,宮元健斗だよ,PayPay残高,-,-,02047272711478206490
2025/07/21 20:51:22,-,"1,500",-,-,-,-,チャージ,PayPay,ゆうちょ銀行 *****41,-,-,02047272453780299800
2025/07/21 18:17:08,"2,000",-,-,-,-,-,送った金額,村田雅弥,PayPay残高,-,-,02047192962525388802
2025/07/21 18:17:05,-,"3,000",-,-,-,-,チャージ,PayPay,ゆうちょ銀行 *****41,-,-,02047192945344765962
2025/07/21 17:21:41,"2,000",-,-,-,-,-,送った金額,オノ,PayPay残高,-,-,02047164392402886665
2025/07/21 17:21:39,-,"3,000",-,-,-,-,チャージ,PayPay,ゆうちょ銀行 *****41,-,-,02047164366629847054
2025/07/21 14:38:49,-,4,-,-,-,-,ポイント、残高の獲得,ファミリーマート,PayPayポイント,-,-,04758228722284953610
2025/07/21 14:38:49,558,-,-,-,-,-,支払い,ファミリーマート - 銀座二丁目,PayPay残高,-,-,04758228722284953610
2025/07/21 12:14:14,"1,200",-,-,-,-,-,支払い,丸亀製麺 - 丸亀製麺　　JR有楽町駅,PayPay残高,-,-,04758154213191729155
2025/07/21 12:14:14,-,12,-,-,-,-,ポイント、残高の獲得,丸亀製麺,PayPayポイント,-,-,04758154213191729155
2025/07/21 12:13:22,-,"1,000",-,-,-,-,チャージ,PayPay,ゆうちょ銀行 *****41,-,-,02047005487199207432
2025/07/21 11:01:28,348,-,-,-,-,-,支払い,ファミリーマート - 銀座二丁目,"PayPayポイント (170円), PayPay残高 (178円)",-,-,04758116709537587203
2025/07/20 22:29:38,702,-,-,-,-,-,支払い,セブン-イレブン - 世田谷上馬２丁目,PayPay残高,-,-,04757729217587904512
2025/07/20 22:29:38,-,6,-,-,-,-,ポイント、残高の獲得,セブン-イレブン,PayPayポイント,-,-,04757729217587904512
2025/07/20 17:40:49,-,10,-,-,-,-,ポイント、残高の獲得,ファミリーマート,PayPayポイント,-,-,04757580354021924871
2025/07/20 17:40:49,"1,055",-,-,-,-,-,支払い,ファミリーマート - 三軒茶屋二丁目,PayPay残高,-,-,04757580354021924871
2025/07/20 17:40:35,-,"3,000",-,-,-,-,チャージ,PayPay,ゆうちょ銀行 *****41,-,-,02046431963036024840
2025/07/20 13:35:36,129,-,-,-,-,-,支払い,ファミリーマート - 有楽町駅前,PayPay残高,-,-,04757453970313789443
2025/07/20 12:12:07,233,-,-,-,-,-,支払い,ファミリーマート - 有楽町駅前,"PayPayポイント (10円), PayPay残高 (223円)",-,-,04757410943331246087
2025/07/20 12:12:06,-,2,-,-,-,-,ポイント、残高の獲得,ファミリーマート,PayPayポイント,-,-,04757410943331246087
2025/07/19 14:39:27,579,-,-,-,-,-,支払い,スターバックス コーヒー - JR有楽町駅京橋口店,PayPay残高,-,-,04756744708004339718
2025/07/19 14:39:26,-,4,-,-,-,-,ポイント、残高の獲得,スターバックス コーヒー,PayPayポイント,-,-,04756744708004339718
2025/07/19 14:22:32,"1,500",-,-,-,-,-,送った金額,村田雅弥,PayPay残高,-,-,02045587709908631556
2025/07/19 14:22:00,-,"1,500",-,-,-,-,チャージ,PayPay,ゆうちょ銀行 *****41,-,-,02045587443617210372
2025/07/19 10:54:04,-,2,-,-,-,-,ポイント、残高の獲得,ファミリーマート,PayPayポイント,-,-,04756628546319286276
2025/07/19 10:54:04,230,-,-,-,-,-,支払い,ファミリーマート - 有楽町駅前,PayPay残高,-,-,04756628546319286276
2025/07/19 09:46:57,493,-,-,-,-,-,支払い,ファミリーマート - 有楽町駅前,PayPay残高,-,-,04756593954652676097
2025/07/19 09:46:56,-,4,-,-,-,-,ポイント、残高の獲得,ファミリーマート,PayPayポイント,-,-,04756593954652676097
2025/07/18 23:45:07,384,-,-,-,-,-,支払い,ファミリーマート - 三軒茶屋二丁目,"PayPayポイント (10円), PayPay残高 (374円)",-,-,04756283780704354305
2025/07/18 23:45:07,-,2,-,-,-,-,ポイント、残高の獲得,ファミリーマート,PayPayポイント,-,-,04756283780704354305
2025/07/18 23:44:45,-,"2,000",-,-,-,-,チャージ,PayPay,ゆうちょ銀行 *****41,-,-,02045135312412762116
2025/07/18 01:00:12,639,-,-,-,-,-,支払い,ファミリーマート - 三軒茶屋二丁目,PayPay残高,-,-,04755580308010819584
2025/07/18 01:00:12,-,6,-,-,-,-,ポイント、残高の獲得,ファミリーマート,PayPayポイント,-,-,04755580308010819584
2025/07/17 15:49:47,420,-,-,-,-,-,支払い,サンマルクカフェ - サンマルクカフェ三軒茶屋店,"PayPayポイント (12円), PayPay残高 (408円)",-,-,04755296625419026433
2025/07/17 15:49:47,-,4,-,-,-,-,ポイント、残高の獲得,サンマルクカフェ,PayPayポイント,-,-,04755296625419026433
2025/07/17 15:49:42,-,"1,000",-,-,-,-,チャージ,PayPay,ゆうちょ銀行 *****41,-,-,02044148294566977555
2025/07/16 22:32:14,"1,178",-,-,-,-,-,支払い,ファミリーマート - 三軒茶屋二丁目,"PayPayポイント (18円), PayPay残高 (1,160円)",-,-,04754761867629674499
2025/07/16 22:32:13,-,10,-,-,-,-,ポイント、残高の獲得,ファミリーマート,PayPayポイント,-,-,04754761867629674499
2025/07/14 22:24:39,347,-,-,-,-,-,支払い,ファミリーマート - 三軒茶屋二丁目,PayPay残高,-,-,04753273618513346562
2025/07/14 22:24:38,-,2,-,-,-,-,ポイント、残高の獲得,ファミリーマート,PayPayポイント,-,-,04753273618513346562
2025/07/14 18:30:46,783,-,-,-,-,-,支払い,ファミリーマート - 三軒茶屋二丁目,"PayPayポイント (4円), PayPay残高 (779円)",-,-,04753153084550799361
2025/07/14 18:30:46,-,6,-,-,-,-,ポイント、残高の獲得,ファミリーマート,PayPayポイント,-,-,04753153084550799361
2025/07/13 13:48:34,935,-,-,-,-,-,支払い,ファミリーマート - 松陰神社駅前,"PayPayポイント (12円), PayPay残高 (923円)",-,-,04752265469429547010
2025/07/13 13:48:34,-,8,-,-,-,-,ポイント、残高の獲得,ファミリーマート,PayPayポイント,-,-,04752265469429547010
2025/07/11 19:54:40,"1,107",-,-,-,-,-,支払い,ファミリーマート - 三軒茶屋二丁目,"PayPayポイント (26円), PayPay残高 (1,081円)",-,-,04750969815233159170
2025/07/11 19:54:40,-,10,-,-,-,-,ポイント、残高の獲得,ファミリーマート,PayPayポイント,-,-,04750969815233159170
2025/07/10 16:22:03,-,"1,500",-,-,-,-,ポイント、残高の獲得,Yahoo!ショッピング,PayPayポイント,-,-,lp-102895974642327552-c_90e17264-a680-48f4-b60b-82b104a4b82f_sppf
2025/07/10 13:30:42,605,-,-,-,-,-,支払い,セブン-イレブン - 世田谷１丁目,PayPay残高,-,-,04750029749972672516
2025/07/10 13:30:42,-,6,-,-,-,-,ポイント、残高の獲得,セブン-イレブン,PayPayポイント,-,-,04750029749972672516
2025/07/10 11:24:37,"2,867",-,-,-,-,-,支払い,ファミリーマート - 三軒茶屋二丁目,"PayPayポイント (168円), PayPay残高 (2,699円)",-,-,04749964767118311425
2025/07/10 11:24:37,-,26,-,-,-,-,ポイント、残高の獲得,ファミリーマート,PayPayポイント,-,-,04749964767118311425
2025/07/08 23:08:18,-,"1,200",-,-,-,JP,受け取った金額,はすみ,PayPay残高,-,-,02037694814147887108
2025/07/08 23:08:16,-,"1,200",-,-,-,JP,受け取った金額,ok,PayPay残高,-,-,02037694805555625984
2025/07/08 23:08:12,-,"1,200",-,-,-,JP,受け取った金額,杏海,PayPay残高,-,-,02037694771198214150
2025/07/08 23:08:03,"4,735",-,-,-,-,-,支払い,まねきねこ - カラオケまねきねこ渋谷センター街店,PayPay残高,-,-,04748842973198000129
2025/07/08 23:08:03,-,46,-,-,-,-,ポイント、残高の獲得,まねきねこ,PayPayポイント,-,-,04748842973198000129
2025/07/08 22:00:14,-,"1,500",-,-,-,JP,受け取った金額,はすみ,PayPay残高,-,-,02037659741442383873
2025/07/08 21:59:48,-,"1,700",-,-,-,JP,受け取った金額,杏海,PayPay残高,-,-,02037659509516713992
2025/07/08 21:59:43,-,"1,500",-,-,-,JP,受け取った金額,ok,PayPay残高,-,-,02037659466566721551
2025/07/08 21:59:03,"7,020",-,-,-,-,-,支払い,鳥貴族 - 鳥貴族　渋谷センター街店,PayPay残高,-,-,04748807410869477376
2025/07/08 21:59:03,-,70,-,-,-,-,ポイント、残高の獲得,鳥貴族,PayPayポイント,-,-,04748807410869477376
2025/07/08 21:58:52,-,"10,000",-,-,-,-,チャージ,PayPay,ゆうちょ銀行 *****41,-,-,02037659028477427727
2025/07/08 07:23:23,-,4,-,-,-,-,ポイント、残高の獲得,ファミリーマート,PayPayポイント,-,-,04748356087116693507
2025/07/08 07:23:23,528,-,-,-,-,-,支払い,ファミリーマート - 渋谷宇田川交番前,"PayPayポイント (88円), PayPay残高 (440円)",-,-,04748356087116693507
2025/07/07 12:58:43,"1,000",-,-,-,-,-,送った金額,はらだれお,PayPay残高,-,-,02036638475528732673
2025/07/07 12:50:23,-,"2,000",-,-,-,-,チャージ,PayPay,ゆうちょ銀行 *****41,-,-,02036634171971239958
2025/07/07 00:41:11,-,2,-,-,-,-,ポイント、残高の獲得,ファミリーマート,PayPayポイント,-,-,04747406624465870851
2025/07/07 00:41:11,384,-,-,-,-,-,支払い,ファミリーマート - 三軒茶屋二丁目,PayPay残高,-,-,04747406624465870851
2025/07/06 21:33:45,127,-,-,-,-,-,支払い,セブン-イレブン - 目黒大橋２丁目,PayPay残高,-,-,04747310030651293696
2025/07/06 20:52:15,"1,848",-,-,-,-,-,支払い,君のハンバーグを食べたい - 君のハンバーグを食べたい　渋谷店,PayPay残高,-,-,04747288641714528257
2025/07/06 20:52:15,-,18,-,-,-,-,ポイント、残高の獲得,君のハンバーグを食べたい,PayPayポイント,-,-,04747288641714528257
2025/07/06 16:05:07,141,-,-,-,-,-,支払い,ファミリーマート - 宮益坂下,PayPay残高,-,-,04747140645731041285
2025/07/06 15:16:58,240,-,-,-,-,-,支払い,ファミリーマート - 宮益坂下,"PayPayポイント (10円), PayPay残高 (230円)",-,-,04747115838000070660
2025/07/06 15:16:58,-,2,-,-,-,-,ポイント、残高の獲得,ファミリーマート,PayPayポイント,-,-,04747115838000070660
2025/07/04 15:38:44,"9,470",-,-,-,-,-,支払い,ユニクロ - キャロットタワー三軒茶屋とうきゅう店,"PayPayポイント (172円), PayPay残高 (9,298円)",-,-,04745642707166830598
2025/07/04 15:38:43,-,92,-,-,-,-,ポイント、残高の獲得,ユニクロ,PayPayポイント,-,-,04745642707166830598
2025/07/04 15:38:40,-,"10,000",-,-,-,-,チャージ,PayPay,ゆうちょ銀行 *****41,-,-,02034494402086879235
2025/07/04 00:51:03,384,-,-,-,-,-,支払い,ファミリーマート - 三軒茶屋二丁目,PayPay残高,-,-,04745185207250018304
2025/07/04 00:51:03,-,2,-,-,-,-,ポイント、残高の獲得,ファミリーマート,PayPayポイント,-,-,04745185207250018304
2025/07/04 00:50:58,-,"3,000",-,-,-,-,チャージ,PayPay,ゆうちょ銀行 *****41,-,-,02034036876398288898
2025/07/03 20:05:12,645,-,-,-,-,-,支払い,ファミリーマート - 三軒茶屋二丁目,PayPay残高,-,-,04745037881282568195
2025/07/03 20:05:12,-,6,-,-,-,-,ポイント、残高の獲得,ファミリーマート,PayPayポイント,-,-,04745037881282568195
2025/07/03 12:55:13,897,-,-,-,-,-,支払い,ローソン - Ａｂｅｍａ　Ｔｏｗｅｒｓ,"PayPayポイント (6円), PayPay残高 (891円)",-,-,04744816260969414661
2025/07/03 12:55:12,-,8,-,-,-,-,ポイント、残高の獲得,ローソン,PayPayポイント,-,-,04744816260969414661
2025/07/02 23:20:07,-,2,-,-,-,-,ポイント、残高の獲得,ファミリーマート,PayPayポイント,-,-,04744396161628930051
2025/07/02 23:20:07,314,-,-,-,-,-,支払い,ファミリーマート - 三軒茶屋二丁目,PayPay残高,-,-,04744396161628930051
2025/07/02 20:22:47,-,4,-,-,-,-,ポイント、残高の獲得,ローソン,PayPayポイント,-,-,04744304764723257349
2025/07/02 20:22:47,599,-,-,-,-,-,支払い,ローソン - Ａｂｅｍａ　Ｔｏｗｅｒｓ,PayPay残高,-,-,04744304764723257349
2025/07/02 12:16:02,497,-,-,-,-,-,支払い,ローソン - Ａｂｅｍａ　Ｔｏｗｅｒｓ,PayPay残高,-,-,04744053904273514496
2025/07/02 12:16:02,-,4,-,-,-,-,ポイント、残高の獲得,ローソン,PayPayポイント,-,-,04744053904273514496
2025/07/02 12:15:52,-,"3,000",-,-,-,-,チャージ,PayPay,ゆうちょ銀行 *****41,-,-,02032905539063169024
2025/07/02 09:13:33,139,-,-,-,-,-,支払い,ローソン - Ａｂｅｍａ　Ｔｏｗｅｒｓ,PayPay残高,-,-,04743959844489568264
2025/07/02 07:22:42,383,-,-,-,-,-,支払い,ファミリーマート - 渋谷宇田川交番前,"PayPayポイント (24円), PayPay残高 (359円)",-,-,04743902721423400960
2025/07/02 07:22:42,-,2,-,-,-,-,ポイント、残高の獲得,ファミリーマート,PayPayポイント,-,-,04743902721423400960
2025/07/01 13:03:35,230,-,-,-,-,-,支払い,ファミリーマート - 渋谷宇田川交番前,"PayPayポイント (43円), PayPay残高 (187円)",-,-,04743336232417329158
2025/07/01 00:57:33,-,2,-,-,-,-,ポイント、残高の獲得,ファミリーマート,PayPayポイント,-,-,04742962037686886401
2025/07/01 00:57:33,369,-,-,-,-,-,支払い,ファミリーマート - 三軒茶屋二丁目,PayPay残高,-,-,04742962037686886401
2025/06/30 23:53:04,"5,303",-,-,-,-,-,送った金額,宮元健斗だよ,PayPay残高,-,-,02031780523919474696
2025/06/30 23:52:47,-,"6,000",-,-,-,-,チャージ,PayPay,ゆうちょ銀行 *****41,-,-,02031780386481061890
2025/06/30 12:44:23,230,-,-,-,-,-,支払い,ローソン - 渋谷区井の頭通,"PayPayポイント (60円), PayPay残高 (170円)",-,-,04742584175053611011
2025/06/29 12:32:30,975,-,-,-,-,-,支払い,ファミリーマート - 三軒茶屋二丁目,PayPay残高,-,-,04741835880080449542
2025/06/29 12:32:30,-,8,-,-,-,-,ポイント、残高の獲得,ファミリーマート,PayPayポイント,-,-,04741835880080449542
2025/06/29 12:09:21,451,-,-,-,-,-,支払い,セブン-イレブン - 渋谷駅西,"PayPayポイント (7円), PayPay残高 (444円)",-,-,04741823948661702661
2025/06/29 12:09:21,-,4,-,-,-,-,ポイント、残高の獲得,セブン-イレブン,PayPayポイント,-,-,04741823948661702661
2025/06/28 22:16:56,"5,500",-,-,-,-,-,支払い,ASOBIBAR - 新宿歌舞伎町タワー前店,PayPay残高,-,-,04741394924378341380
2025/06/28 22:16:56,-,54,-,-,-,-,ポイント、残高の獲得,ASOBIBAR,PayPayポイント,-,-,04741394924378341380
2025/06/28 22:16:43,-,"5,000",-,-,-,-,チャージ,PayPay,ゆうちょ銀行 *****41,-,-,02030246524810215438
2025/06/28 21:21:41,"4,000",-,-,-,-,-,送った金額,宮元健斗だよ,PayPay残高,-,-,02030218160846364694
2025/06/28 21:21:38,-,"3,000",-,-,-,-,チャージ,PayPay,ゆうちょ銀行 *****41,-,-,02030218143666454529
2025/06/28 19:03:56,-,"1,800",-,-,-,JP,受け取った金額,ほっともっと,PayPay残高,-,-,02030147173626707974
2025/06/28 19:02:52,"3,564",-,-,-,-,-,支払い,coin space,PayPay残高,-,-,04741294894589779975
2025/06/28 19:02:51,-,34,-,-,-,-,ポイント、残高の獲得,coin space,PayPayポイント,-,-,04741294894589779975
2025/06/28 19:02:51,-,"5,000",-,-,-,-,チャージ,PayPay,ゆうちょ銀行 *****41,-,-,02030146606690738197
2025/06/28 18:53:52,-,2,-,-,-,-,ポイント、残高の獲得,ファミリーマート,PayPayポイント,-,-,04741290256026148880
2025/06/28 18:53:52,210,-,-,-,-,-,支払い,ファミリーマート - 渋谷公園通り,PayPay残高,-,-,04741290256026148880
2025/06/28 13:47:34,-,4,-,-,-,-,ポイント、残高の獲得,ファミリーマート,PayPayポイント,-,-,04741132390207643665
2025/06/28 13:47:34,578,-,-,-,-,-,支払い,ファミリーマート - 渋谷フィンガーアベニュー,"PayPayポイント (7円), PayPay残高 (571円)",-,-,04741132390207643665
2025/06/28 00:24:34,"3,200",-,-,-,-,-,送った金額,tomori,PayPay残高,-,-,02029570247849689103
2025/06/28 00:24:21,-,"3,200",-,-,-,-,チャージ,PayPay,ゆうちょ銀行 *****41,-,-,02029570136180695046
2025/06/27 22:20:14,"2,900",-,-,-,-,-,送った金額,tomori,PayPay残高,-,-,02029506175527772169
2025/06/26 20:55:17,"6,600",-,-,-,-,-,支払い,LIPPS - LIPPS 自由が丘,"PayPayポイント (4円), PayPay残高 (6,596円)",-,-,04739868493001900033
2025/06/26 20:55:16,-,64,-,-,-,-,ポイント、残高の獲得,LIPPS,PayPayポイント,-,-,04739868493001900033
2025/06/26 20:55:07,-,"10,000",-,-,-,-,チャージ,PayPay,ゆうちょ銀行 *****41,-,-,02028720136383209476
2025/06/25 17:36:55,75,-,-,-,-,-,支払い,ローソン - Ａｂｅｍａ　Ｔｏｗｅｒｓ,PayPay残高,-,-,04739024085249163268
2025/06/25 12:43:43,768,-,-,-,-,-,支払い,ローソン - Ａｂｅｍａ　Ｔｏｗｅｒｓ,PayPay残高,-,-,04738872979710189568
2025/06/25 12:43:43,-,6,-,-,-,-,ポイント、残高の獲得,ローソン,PayPayポイント,-,-,04738872979710189568
2025/06/25 12:43:40,-,"1,000",-,-,-,-,チャージ,PayPay,ゆうちょ銀行 *****41,-,-,02027724666042892305
2025/06/25 10:38:14,290,-,-,-,-,-,支払い,ローソン - Ａｂｅｍａ　Ｔｏｗｅｒｓ,PayPay残高,-,-,04738808297502965763
2025/06/25 10:38:13,-,2,-,-,-,-,ポイント、残高の獲得,ローソン,PayPayポイント,-,-,04738808297502965763
2025/06/25 07:24:00,-,4,-,-,-,-,ポイント、残高の獲得,ファミリーマート,PayPayポイント,-,-,04738708190404829185
2025/06/25 07:24:00,498,-,-,-,-,-,支払い,ファミリーマート - 渋谷宇田川交番前,"PayPayポイント (3円), PayPay残高 (495円)",-,-,04738708190404829185
2025/06/25 07:23:55,-,"1,000",-,-,-,-,チャージ,PayPay,ゆうちょ銀行 *****41,-,-,02027559876737671169
2025/06/24 22:03:09,796,-,-,-,-,-,支払い,ファミリーマート - 三軒茶屋二丁目,PayPay残高,-,-,04738419130515406849
2025/06/24 22:03:08,-,6,-,-,-,-,ポイント、残高の獲得,ファミリーマート,PayPayポイント,-,-,04738419130515406849
2025/06/24 12:00:19,-,6,-,-,-,-,ポイント、残高の獲得,ローソン,PayPayポイント,-,-,04738108432581214216
2025/06/24 12:00:19,768,-,-,-,-,-,支払い,ローソン - Ａｂｅｍａ　Ｔｏｗｅｒｓ,PayPay残高,-,-,04738108432581214216
2025/06/24 07:42:19,578,-,-,-,-,-,支払い,ファミリーマート - 渋谷宇田川交番前,"PayPayポイント (4円), PayPay残高 (574円)",-,-,04737975468982607872
2025/06/24 07:42:19,-,4,-,-,-,-,ポイント、残高の獲得,ファミリーマート,PayPayポイント,-,-,04737975468982607872
2025/06/23 19:45:17,-,4,-,-,-,-,ポイント、残高の獲得,セブン-イレブン,PayPayポイント,-,-,04737605904226705419
2025/06/23 19:45:17,487,-,-,-,-,-,支払い,セブン-イレブン - 世田谷三軒茶屋２丁目,PayPay残高,-,-,04737605904226705419
2025/06/23 12:55:02,"1,380",-,-,-,-,-,支払い,anydeli,PayPay残高,-,-,04737394471577427973
2025/06/23 12:55:02,-,12,-,-,-,-,ポイント、残高の獲得,anydeli,PayPayポイント,-,-,04737394471577427973
2025/06/23 12:55:01,-,"3,000",-,-,-,-,チャージ,PayPay,ゆうちょ銀行 *****41,-,-,02026246175088517138
2025/06/23 09:52:56,198,-,-,-,-,-,支払い,ローソン - Ａｂｅｍａ　Ｔｏｗｅｒｓ,PayPay残高,-,-,04737300609361059843
2025/06/23 08:07:56,516,-,-,-,-,-,支払い,ファミリーマート - 渋谷宇田川交番前,"PayPayポイント (14円), PayPay残高 (502円)",-,-,04737246501363982342
2025/06/23 08:07:56,-,4,-,-,-,-,ポイント、残高の獲得,ファミリーマート,PayPayポイント,-,-,04737246501363982342
2025/06/22 23:02:10,-,4,-,-,-,-,ポイント、残高の獲得,ファミリーマート,PayPayポイント,-,-,04736965206775889922
2025/06/22 23:02:10,457,-,-,-,-,-,支払い,ファミリーマート - 三軒茶屋二丁目,PayPay残高,-,-,04736965206775889922
2025/06/22 19:38:38,515,-,-,-,-,-,支払い,ファミリーマート - 三軒茶屋二丁目,PayPay残高,-,-,04736860306494078983
2025/06/22 19:38:37,-,4,-,-,-,-,ポイント、残高の獲得,ファミリーマート,PayPayポイント,-,-,04736860306494078983
2025/06/22 16:28:16,230,-,-,-,-,-,支払い,ファミリーマート - 三軒茶屋二丁目,"PayPayポイント (3円), PayPay残高 (227円)",-,-,04736762200851038210
2025/06/22 16:28:16,-,2,-,-,-,-,ポイント、残高の獲得,ファミリーマート,PayPayポイント,-,-,04736762200851038210
2025/06/21 23:49:01,"9,030",-,-,-,-,-,支払い,musch麻布十番店 - MUSCH渋谷道玄坂上店,PayPay残高,-,-,04736247191322845184
2025/06/21 23:49:01,-,90,-,-,-,-,ポイント、残高の獲得,musch麻布十番店,PayPayポイント,-,-,04736247191322845184
2025/06/21 23:48:51,-,"10,000",-,-,-,-,チャージ,PayPay,ゆうちょ銀行 *****41,-,-,02025098817525063682
2025/06/21 20:37:24,"8,060",-,-,-,-,-,支払い,酒ト釜メシ oh kama bar - 渋谷店,PayPay残高,-,-,04736148424254619650
2025/06/21 20:37:23,-,80,-,-,-,-,ポイント、残高の獲得,酒ト釜メシ oh kama bar,PayPayポイント,-,-,04736148424254619650
2025/06/21 20:36:55,-,"10,000",-,-,-,-,チャージ,PayPay,ゆうちょ銀行 *****41,-,-,02024999895838605340
2025/06/20 17:14:32,345,-,-,-,-,-,支払い,ローソン - Ａｂｅｍａ　Ｔｏｗｅｒｓ,PayPay残高,-,-,04735301705811894275
2025/06/20 17:14:32,-,2,-,-,-,-,ポイント、残高の獲得,ローソン,PayPayポイント,-,-,04735301705811894275
2025/06/20 12:18:25,230,-,-,-,-,-,支払い,ファミリーマート - 渋谷宇田川交番前,"PayPayポイント (2円), PayPay残高 (228円)",-,-,04735149079854817284
2025/06/20 12:18:24,-,2,-,-,-,-,ポイント、残高の獲得,ファミリーマート,PayPayポイント,-,-,04735149079854817284
2025/06/20 01:49:19,-,6,-,-,-,-,ポイント、残高の獲得,ファミリーマート,PayPayポイント,-,-,04734824844183371778
2025/06/20 01:49:19,674,-,-,-,-,-,支払い,ファミリーマート - 三軒茶屋二丁目,"PayPayポイント (3円), PayPay残高 (671円)",-,-,04734824844183371778
2025/06/20 01:49:14,-,"1,000",-,-,-,-,チャージ,PayPay,ゆうちょ銀行 *****41,-,-,02023676521926057984
2025/06/18 11:56:39,768,-,-,-,-,-,支払い,ローソン - Ａｂｅｍａ　Ｔｏｗｅｒｓ,PayPay残高,-,-,04733653520698933248
2025/06/18 11:56:38,-,6,-,-,-,-,ポイント、残高の獲得,ローソン,PayPayポイント,-,-,04733653520698933248
2025/06/18 07:07:51,595,-,-,-,-,-,支払い,ローソン - 渋谷区井の頭通,"PayPayポイント (6円), PayPay残高 (589円)",-,-,04733504674312454146
2025/06/18 07:07:50,-,4,-,-,-,-,ポイント、残高の獲得,ローソン,PayPayポイント,-,-,04733504674312454146
2025/06/17 23:20:49,401,-,-,-,-,-,支払い,ファミリーマート - 三軒茶屋二丁目,PayPay残高,-,-,04733263975756701696
2025/06/17 23:20:49,-,4,-,-,-,-,ポイント、残高の獲得,ファミリーマート,PayPayポイント,-,-,04733263975756701696
2025/06/17 14:06:25,-,6,-,-,-,-,ポイント、残高の獲得,ローソン,PayPayポイント,-,-,04732978231582310415
2025/06/17 14:06:25,768,-,-,-,-,-,支払い,ローソン - Ａｂｅｍａ　Ｔｏｗｅｒｓ,PayPay残高,-,-,04732978231582310415
2025/06/17 08:55:34,230,-,-,-,-,-,支払い,ローソン - Ａｂｅｍａ　Ｔｏｗｅｒｓ,"PayPayポイント (4円), PayPay残高 (226円)",-,-,04732818020711383043
2025/06/17 08:55:33,-,2,-,-,-,-,ポイント、残高の獲得,ローソン,PayPayポイント,-,-,04732818020711383043
2025/06/17 08:55:25,-,"3,000",-,-,-,-,チャージ,PayPay,ゆうちょ銀行 *****41,-,-,02021669672686460928
2025/06/16 23:50:37,-,4,-,-,-,-,ポイント、残高の獲得,ファミリーマート,PayPayポイント,-,-,04732537155620200449
2025/06/16 23:50:37,451,-,-,-,-,-,支払い,ファミリーマート - 三軒茶屋二丁目,PayPay残高,-,-,04732537155620200449
2025/06/16 20:11:15,365,-,-,-,-,-,支払い,セブン-イレブン - 世田谷三軒茶屋２丁目,PayPay残高,-,-,04732424103491354626
2025/06/16 20:11:15,-,2,-,-,-,-,ポイント、残高の獲得,セブン-イレブン,PayPayポイント,-,-,04732424103491354626
2025/06/16 12:02:22,-,4,-,-,-,-,ポイント、残高の獲得,ローソン,PayPayポイント,-,-,04732172126349746195
2025/06/16 12:02:22,548,-,-,-,-,-,支払い,ローソン - 渋谷区井の頭通,PayPay残高,-,-,04732172126349746195
2025/06/16 11:57:26,-,6,-,-,-,-,ポイント、残高の獲得,ファミリーマート,PayPayポイント,-,-,04732169583729082384
2025/06/16 11:57:26,781,-,-,-,-,-,支払い,ファミリーマート - 渋谷宇田川交番前,"PayPayポイント (27円), PayPay残高 (754円)",-,-,04732169583729082384
2025/06/16 11:57:21,-,"2,000",-,-,-,-,チャージ,PayPay,ゆうちょ銀行 *****41,-,-,02021021270063349761
2025/06/15 16:48:45,-,2,-,-,-,-,ポイント、残高の獲得,ファミリーマート,PayPayポイント,-,-,04731577556846477324
2025/06/15 16:48:45,329,-,-,-,-,-,支払い,ファミリーマート - 渋谷フィンガーアベニュー,PayPay残高,-,-,04731577556846477324
2025/06/15 13:40:06,230,-,-,-,-,-,支払い,ファミリーマート - 渋谷フィンガーアベニュー,"PayPayポイント (34円), PayPay残高 (196円)",-,-,04731480327377494023
2025/06/14 23:02:37,192,-,-,-,-,-,支払い,ファミリーマート - 三軒茶屋二丁目,PayPay残高,-,-,04731028084501118976
2025/06/14 21:48:59,"5,000",-,-,-,-,-,送った金額,はるき,PayPay残高,-,-,02019841854864203776
2025/06/14 21:48:57,-,"5,000",-,-,-,-,チャージ,PayPay,ゆうちょ銀行 *****41,-,-,02019841829094645768
2025/06/14 19:09:35,"3,700",-,-,-,-,-,送った金額,ほっともっと,PayPay残高,-,-,02019759692139200529
2025/06/14 19:08:55,-,"4,000",-,-,-,-,チャージ,PayPay,ゆうちょ銀行 *****41,-,-,02019759348542734351
2025/06/14 15:19:10,308,-,-,-,-,-,支払い,ファミリーマート - 歌舞伎町一丁目,PayPay残高,-,-,04730789224189968385
2025/06/14 15:19:10,-,2,-,-,-,-,ポイント、残高の獲得,ファミリーマート,PayPayポイント,-,-,04730789224189968385
2025/06/14 01:05:48,118,-,-,-,-,-,支払い,セブン-イレブン - 世田谷太子堂２丁目,PayPay残高,-,-,04730349402358595584
2025/06/14 00:38:11,"4,000",-,-,-,-,-,送った金額,ほっともっと,PayPay残高,-,-,02019186889530892288
2025/06/14 00:37:56,-,"2,000",-,-,-,-,チャージ,PayPay,ゆうちょ銀行 *****41,-,-,02019186760682700804
2025/06/14 00:11:15,338,-,-,-,-,-,支払い,ファミリーマート - 目黒青葉台四丁目,PayPay残高,-,-,04730321287502454784
2025/06/14 00:11:15,-,2,-,-,-,-,ポイント、残高の獲得,ファミリーマート,PayPayポイント,-,-,04730321287502454784
2025/06/13 23:52:38,254,-,-,-,-,-,支払い,セブン-イレブン - 渋谷中央街,"PayPayポイント (49円), PayPay残高 (205円)",-,-,04730311683956416514
2025/06/13 23:52:37,-,2,-,-,-,-,ポイント、残高の獲得,セブン-イレブン,PayPayポイント,-,-,04730311683956416514
2025/06/13 21:52:30,"4,200",-,-,-,-,-,送った金額,ほっともっと,PayPay残高,-,-,02019101496991653888
2025/06/13 21:51:07,-,"4,000",-,-,-,-,チャージ,PayPay,ゆうちょ銀行 *****41,-,-,02019100784027303945
2025/06/12 19:45:30,557,-,-,-,-,-,支払い,セブン-イレブン - 世田谷三軒茶屋２丁目,PayPay残高,-,-,04729442150647218176
2025/06/12 19:45:30,-,4,-,-,-,-,ポイント、残高の獲得,セブン-イレブン,PayPayポイント,-,-,04729442150647218176
2025/06/12 14:04:25,668,-,-,-,-,-,支払い,ローソン - Ａｂｅｍａ　Ｔｏｗｅｒｓ,"PayPayポイント (3円), PayPay残高 (665円)",-,-,04729266349045825539
2025/06/12 14:04:24,-,6,-,-,-,-,ポイント、残高の獲得,ローソン,PayPayポイント,-,-,04729266349045825539
2025/06/12 13:20:48,"1,350",-,-,-,-,-,送った金額,コズエ,PayPay残高,-,-,02018095598470602753
2025/06/11 20:09:45,"2,040",-,-,-,-,-,支払い,ファミリーマート - 三軒茶屋二丁目,PayPay残高,-,-,04728712478651342849
2025/06/11 20:09:45,-,20,-,-,-,-,ポイント、残高の獲得,ファミリーマート,PayPayポイント,-,-,04728712478651342849
2025/06/11 14:22:14,-,6,-,-,-,-,ポイント、残高の獲得,セブン-イレブン,PayPayポイント,-,-,04728533361334747142
2025/06/11 14:22:14,695,-,-,-,-,-,支払い,セブン-イレブン - 世田谷上馬２丁目,"PayPayポイント (7円), PayPay残高 (688円)",-,-,04728533361334747142
2025/06/10 15:12:06,-,8,-,-,-,-,ポイント、残高の獲得,ファミリーマート,PayPayポイント,-,-,04727816892069330950
2025/06/10 15:12:06,969,-,-,-,-,-,支払い,ファミリーマート - 三軒茶屋二丁目,PayPay残高,-,-,04727816892069330950
2025/06/10 10:23:50,"1,686",-,-,-,-,-,支払い,SHEIN,"PayPayポイント (54円), PayPay残高 (1,632円)",-,-,04727668329151471618
2025/06/10 10:23:50,-,16,-,-,-,-,ポイント、残高の獲得,SHEIN,PayPayポイント,-,-,04727668329151471618
2025/06/09 22:33:35,"13,260",-,-,-,-,-,支払い,鳥貴族 - 鳥貴族　渋谷文化村通り店,PayPay残高,-,-,04727302269088153600
2025/06/09 22:33:35,-,132,-,-,-,-,ポイント、残高の獲得,鳥貴族,PayPayポイント,-,-,04727302269088153600
2025/06/09 22:32:21,-,"3,315",-,-,-,-,受け取った金額,タカハシ シュン,PayPay残高,-,-,02016153345538973704
2025/06/09 22:32:17,-,"3,315",-,-,-,-,受け取った金額,tomori,PayPay残高,-,-,02016153311178399755
2025/06/09 22:32:12,-,"3,320",-,-,-,-,受け取った金額,ほっともっと,PayPay残高,-,-,02016153268228734995
2025/06/09 22:31:53,-,"15,000",-,-,-,-,チャージ,PayPay,ゆうちょ銀行 *****41,-,-,02016153113610182658
2025/06/09 17:01:29,850,-,-,-,-,-,送った金額,宮元健斗だよ,PayPay残高,-,-,02015982826744438789
2025/06/09 13:20:18,"1,380",-,-,-,-,-,支払い,anydeli,PayPay残高,-,-,04727017109029380097
2025/06/09 13:20:18,-,12,-,-,-,-,ポイント、残高の獲得,anydeli,PayPayポイント,-,-,04727017109029380097
2025/06/09 13:18:23,"18,407",-,-,-,-,-,送った金額,宮元健斗だよ,PayPay残高,-,-,02015867833291358218
2025/06/09 13:17:46,-,"3,000",-,-,-,-,チャージ,PayPay,ゆうちょ銀行 *****41,-,-,02015867524054827008
2025/06/09 10:10:00,230,-,-,-,-,-,支払い,ローソン - 渋谷区井の頭通,"PayPayポイント (97円), PayPay残高 (133円)",-,-,04726919020566601731
2025/06/08 13:33:53,"1,020",-,-,-,-,-,送った金額,村田雅弥,PayPay残高,-,-,02015133660172853248
2025/06/07 23:24:31,-,814,-,-,-,-,受け取った金額,村田雅弥,PayPay残高,-,-,02014695891333373968
2025/06/07 23:24:26,"1,628",-,-,-,-,-,支払い,大衆酒場 五の五 - 大衆酒場五の五　上野6丁目店,PayPay残高,-,-,04725844136280973313
2025/06/07 23:24:26,-,16,-,-,-,-,ポイント、残高の獲得,大衆酒場 五の五,PayPayポイント,-,-,04725844136280973313
2025/06/07 22:25:58,-,"2,550",-,-,-,-,受け取った金額,村田雅弥,PayPay残高,-,-,02014665714895478792
2025/06/07 22:25:56,"5,100",-,-,-,-,-,支払い,ag - 上野店,PayPay残高,-,-,04725813985611243521
2025/06/07 22:25:56,-,50,-,-,-,-,ポイント、残高の獲得,ag,PayPayポイント,-,-,04725813985611243521
2025/06/07 21:26:57,"2,200",-,-,-,-,-,送った金額,宮元健斗だよ,PayPay残高,-,-,02014635297937473557
2025/06/07 18:16:59,604,-,-,-,-,-,支払い,ファミリーマート - 台東吉原,PayPay残高,-,-,04725685677758128128
2025/06/07 18:16:59,-,6,-,-,-,-,ポイント、残高の獲得,ファミリーマート,PayPayポイント,-,-,04725685677758128128
2025/06/07 16:42:29,"27,000",-,-,-,-,-,送った金額,たいらおかだ,PayPay残高,-,-,02014488684932874243
2025/06/07 16:42:26,-,"50,000",-,-,-,-,チャージ,PayPay,ゆうちょ銀行 *****41,-,-,02014488667753447428
2025/06/07 15:29:52,"1,500",-,-,-,-,-,支払い,牛たん とろろ 麦めし ねぎし - ねぎし　上野駅前B1店,"PayPayポイント (7円), PayPay残高 (1,493円)",-,-,04725599546483326976
2025/06/07 15:29:52,-,14,-,-,-,-,ポイント、残高の獲得,牛たん とろろ 麦めし ねぎし,PayPayポイント,-,-,04725599546483326976
2025/06/07 02:27:05,388,-,-,-,-,-,支払い,ファミリーマート - 三軒茶屋二丁目,PayPay残高,-,-,04725196094435704832
2025/06/07 02:27:04,-,2,-,-,-,-,ポイント、残高の獲得,ファミリーマート,PayPayポイント,-,-,04725196094435704832
2025/06/06 19:57:10,715,-,-,-,-,-,支払い,ファミリーマート - 三軒茶屋二丁目,PayPay残高,-,-,04724995141506203649
2025/06/06 19:57:10,-,6,-,-,-,-,ポイント、残高の獲得,ファミリーマート,PayPayポイント,-,-,04724995141506203649
2025/06/06 10:14:16,518,-,-,-,-,-,支払い,ファミリーマート - 三軒茶屋二丁目,"PayPayポイント (4円), PayPay残高 (514円)",-,-,04724694717133537280
2025/06/06 10:14:16,-,4,-,-,-,-,ポイント、残高の獲得,ファミリーマート,PayPayポイント,-,-,04724694717133537280
2025/06/05 14:36:08,230,-,-,-,-,-,支払い,ローソン - Ａｂｅｍａ　Ｔｏｗｅｒｓ,"PayPayポイント (45円), PayPay残高 (185円)",-,-,04724087503247581187
2025/06/04 22:40:34,"12,298",-,-,-,-,-,支払い,韓国家庭料理 明洞いちば29 - 韓国家庭料理専門店　明洞タッカルビ,PayPay残高,-,-,04723595016527159297
2025/06/04 22:40:34,-,122,-,-,-,-,ポイント、残高の獲得,韓国家庭料理 明洞いちば29,PayPayポイント,-,-,04723595016527159297
2025/06/04 22:40:22,-,"12,000",-,-,-,-,チャージ,PayPay,ゆうちょ銀行 *****41,-,-,02012446625553088526
2025/06/04 13:55:52,-,"1,600",-,-,-,-,受け取った金額,tomori,PayPay残高,-,-,02012176308900446208
2025/06/04 13:55:34,-,"1,210",-,-,-,-,受け取った金額,ほっともっと,PayPay残高,-,-,02012176145689526272
2025/06/04 13:55:08,"4,620",-,-,-,-,-,支払い,SHEWOLFDINER　渋谷 - SHEWOLFDINER　渋谷,PayPay残高,-,-,04723324210246295552
2025/06/04 13:55:08,-,46,-,-,-,-,ポイント、残高の獲得,SHEWOLFDINER　渋谷,PayPayポイント,-,-,04723324210246295552
2025/06/04 13:54:59,-,"5,000",-,-,-,-,チャージ,PayPay,ゆうちょ銀行 *****41,-,-,02012175853634387969
2025/06/04 10:12:14,410,-,-,-,-,-,支払い,ファミリーマート - 渋谷宇田川交番前,"PayPayポイント (4円), PayPay残高 (406円)",-,-,04723209319870816260
2025/06/04 10:12:13,-,4,-,-,-,-,ポイント、残高の獲得,ファミリーマート,PayPayポイント,-,-,04723209319870816260
2025/06/03 19:48:34,-,6,-,-,-,-,ポイント、残高の獲得,ファミリーマート,PayPayポイント,-,-,04722764189460873220
2025/06/03 19:48:34,837,-,-,-,-,-,支払い,ファミリーマート - 三軒茶屋二丁目,"PayPayポイント (288円), PayPay残高 (549円)",-,-,04722764189460873220
2025/06/02 19:16:50,"1,580",-,-,-,-,-,支払い,際コーポレーション - 富士喜 池尻大橋,PayPay残高,-,-,04722005672466612224
2025/06/02 19:16:50,-,14,-,-,-,-,ポイント、残高の獲得,際コーポレーション,PayPayポイント,-,-,04722005672466612224
2025/06/02 11:46:53,-,4,-,-,-,-,ポイント、残高の獲得,ローソン,PayPayポイント,-,-,04721773761412571143
2025/06/02 11:46:53,649,-,-,-,-,-,支払い,ローソン - Ａｂｅｍａ　Ｔｏｗｅｒｓ,"PayPayポイント (138円), PayPay残高 (511円)",-,-,04721773761412571143
2025/06/02 01:51:09,-,6,-,-,-,-,ポイント、残高の獲得,ファミリーマート,PayPayポイント,-,-,04721466722790293505
2025/06/02 01:51:09,628,-,-,-,-,-,支払い,ファミリーマート - 三軒茶屋二丁目,PayPay残高,-,-,04721466722790293505
2025/06/01 22:30:13,"1,000",-,-,-,-,-,送った金額,村田雅弥,PayPay残高,-,-,02010214883233603584
2025/06/01 22:29:52,-,"1,600",-,-,-,-,受け取った金額,オノ,PayPay残高,-,-,02010214711435501575
2025/06/01 21:28:52,-,"1,600",-,-,-,-,受け取った金額,村田雅弥,PayPay残高,-,-,02010183263684370447
2025/06/01 21:28:43,-,"1,600",-,-,-,-,受け取った金額,たいらおかだ,PayPay残高,-,-,02010183194965696518
2025/06/01 21:28:06,-,"1,600",-,-,-,-,受け取った金額,宮元健斗だよ,PayPay残高,-,-,02010182868548698137
2025/06/01 21:27:40,"3,500",-,-,-,-,-,送った金額,村田雅弥,PayPay残高,-,-,02010182645210398742
2025/06/01 18:46:57,"10,000",-,-,-,-,-,送った金額,村田雅弥,PayPay残高,-,-,02010099812472127495
2025/06/01 18:46:24,-,"10,000",-,-,-,-,チャージ,PayPay,ゆうちょ銀行 *****41,-,-,02010099529004662803
2025/06/01 18:39:37,"8,640",-,-,-,-,-,支払い,C.STAND - C.STAND 新宿区役所通り横店,PayPay残高,-,-,04721244312203198471
2025/06/01 18:39:36,-,43,-,-,-,-,ポイント、残高の獲得,C.STAND,PayPayポイント,-,-,04721244312203198471
2025/06/01 18:39:24,-,"10,000",-,-,-,-,チャージ,PayPay,ゆうちょ銀行 *****41,-,-,02010095929821880326
2025/05/31 23:14:19,-,"1,000",-,-,-,-,受け取った金額,ひらの,PayPay残高,-,-,02009495450441662478
2025/05/31 23:05:09,-,25,-,-,-,-,ポイント、残高の獲得,ダイヤモンドダイニング,PayPayポイント,-,-,04720638996693245955
2025/05/31 23:05:09,"5,180",-,-,-,-,-,支払い,ダイヤモンドダイニング - BAGUS　道玄坂,PayPay残高,-,-,04720638996693245955
2025/05/31 23:04:57,-,"5,000",-,-,-,-,チャージ,PayPay,ゆうちょ銀行 *****41,-,-,02009490614311239690
2025/05/31 20:51:09,-,34,-,-,-,-,ポイント、残高の獲得,渋谷ストリーム,PayPayポイント,-,-,04720569933618331664
2025/05/31 20:51:09,"6,919",-,-,-,-,-,支払い,渋谷ストリーム - もんじゃのえびせん,PayPay残高,-,-,04720569933618331664
2025/05/31 20:51:03,-,"5,000",-,-,-,-,チャージ,PayPay,ゆうちょ銀行 *****41,-,-,02009421611366539265
2025/05/31 16:36:02,405,-,-,-,-,-,支払い,ファミリーマート - 三軒茶屋二丁目,"PayPayポイント (12円), PayPay残高 (393円)",-,-,04720438456079843328
2025/05/31 16:36:02,-,1,-,-,-,-,ポイント、残高の獲得,ファミリーマート,PayPayポイント,-,-,04720438456079843328
2025/05/30 12:14:29,"1,629",-,-,-,-,-,支払い,ファミリーマート - 三軒茶屋二丁目,"PayPayポイント (130円), PayPay残高 (1,499円)",-,-,04719561483887968265
2025/05/30 12:14:29,-,7,-,-,-,-,ポイント、残高の獲得,ファミリーマート,PayPayポイント,-,-,04719561483887968265
2025/05/29 21:48:39,-,2,-,-,-,-,ポイント、残高の獲得,ファミリーマート,PayPayポイント,-,-,04719115228194791431
2025/05/29 21:48:39,519,-,-,-,-,-,支払い,ファミリーマート - 三軒茶屋二丁目,PayPay残高,-,-,04719115228194791431
2025/05/28 20:21:46,768,-,-,-,-,-,支払い,ローソン - Ａｂｅｍａ　Ｔｏｗｅｒｓ,PayPay残高,-,-,04718328287106015232
2025/05/28 20:21:46,-,3,-,-,-,-,ポイント、残高の獲得,ローソン,PayPayポイント,-,-,04718328287106015232
2025/05/28 12:23:43,118,-,-,-,-,-,支払い,ローソン - Ａｂｅｍａ　Ｔｏｗｅｒｓ,PayPay残高,-,-,04718081902011424772
2025/05/28 09:26:17,595,-,-,-,-,-,支払い,ローソン - Ａｂｅｍａ　Ｔｏｗｅｒｓ,PayPay残高,-,-,04717990453568528384
2025/05/28 09:26:17,-,2,-,-,-,-,ポイント、残高の獲得,ローソン,PayPayポイント,-,-,04717990453568528384
2025/05/27 23:21:27,429,-,-,-,-,-,支払い,ファミリーマート - 三軒茶屋二丁目,PayPay残高,-,-,04717678724841791488
2025/05/27 23:21:27,-,2,-,-,-,-,ポイント、残高の獲得,ファミリーマート,PayPayポイント,-,-,04717678724841791488
2025/05/27 14:56:56,654,-,-,-,-,-,支払い,ファミリーマート - 三軒茶屋二丁目,"PayPayポイント (78円), PayPay残高 (576円)",-,-,04717418698930405377
2025/05/27 14:56:56,-,2,-,-,-,-,ポイント、残高の獲得,ファミリーマート,PayPayポイント,-,-,04717418698930405377
2025/05/26 13:30:51,118,-,-,-,-,-,支払い,ローソン - Ａｂｅｍａ　Ｔｏｗｅｒｓ,"PayPayポイント (8円), PayPay残高 (110円)",-,-,04716632161569857539
2025/05/26 00:29:45,768,-,-,-,-,-,支払い,ファミリーマート - 三軒茶屋二丁目,PayPay残高,-,-,04716229577105629189
2025/05/26 00:29:44,-,3,-,-,-,-,ポイント、残高の獲得,ファミリーマート,PayPayポイント,-,-,04716229577105629189
2025/05/26 00:20:30,"10,587",-,-,-,-,-,送った金額,宮元健斗だよ,PayPay残高,-,-,02005076538980294660
2025/05/26 00:20:28,-,"20,000",-,-,-,-,チャージ,PayPay,ゆうちょ銀行 *****41,-,-,02005076521799540740
2025/05/25 17:38:10,-,4,-,-,-,-,ポイント、残高の獲得,ファミリーマート,PayPayポイント,-,-,04716017448670846986
2025/05/25 17:38:10,849,-,-,-,-,-,支払い,ファミリーマート - 三軒茶屋二丁目,"PayPayポイント (12円), PayPay残高 (837円)",-,-,04716017448670846986
2025/05/25 17:38:07,-,"1,000",-,-,-,-,チャージ,PayPay,ゆうちょ銀行 *****41,-,-,02004869143599546388
2025/05/24 18:35:01,"1,098",-,-,-,-,-,支払い,セブン-イレブン - 世田谷三軒茶屋２丁目,PayPay残高,-,-,04715304587178647552
2025/05/24 18:35:01,-,5,-,-,-,-,ポイント、残高の獲得,セブン-イレブン,PayPayポイント,-,-,04715304587178647552
2025/05/24 18:34:56,-,"1,000",-,-,-,-,チャージ,PayPay,ゆうちょ銀行 *****41,-,-,02004156256336814098
2025/05/24 15:46:58,-,1,-,-,-,-,ポイント、残高の獲得,サンマルクカフェ,PayPayポイント,-,-,04715217966277722122
2025/05/24 15:46:58,320,-,-,-,-,-,支払い,サンマルクカフェ - サンマルクカフェ三軒茶屋店,"PayPayポイント (8円), PayPay残高 (312円)",-,-,04715217966277722122
2025/05/24 02:02:18,-,8,-,-,-,-,ポイント、残高の獲得,ファミリーマート,PayPayポイント,-,-,04714792936314314754
2025/05/24 02:02:18,"1,688",-,-,-,-,-,支払い,ファミリーマート - 三軒茶屋二丁目,"PayPayポイント (4円), PayPay残高 (1,684円)",-,-,04714792936314314754
2025/05/24 02:02:11,-,"1,000",-,-,-,-,チャージ,PayPay,ゆうちょ銀行 *****41,-,-,02003644596882997248
2025/05/24 02:01:56,-,"1,000",-,-,-,-,チャージ,PayPay,ゆうちょ銀行 *****41,-,-,02003644476624273410
2025/05/23 20:26:17,-,3,-,-,-,-,ポイント、残高の獲得,セブン-イレブン,PayPayポイント,-,-,04714619754643234820
2025/05/23 20:26:17,800,-,-,-,-,-,支払い,セブン-イレブン - 世田谷上馬２丁目,"PayPayポイント (10円), PayPay残高 (790円)",-,-,04714619754643234820
2025/05/21 11:26:53,-,2,-,-,-,-,ポイント、残高の獲得,セブン-イレブン,PayPayポイント,-,-,04712857409300897795
2025/05/21 11:26:53,595,-,-,-,-,-,支払い,セブン-イレブン - 世田谷上馬２丁目,"PayPayポイント (38円), PayPay残高 (557円)",-,-,04712857409300897795
2025/05/21 11:26:49,-,"1,000",-,-,-,-,チャージ,PayPay,ゆうちょ銀行 *****41,-,-,02001709104231260160
2025/05/20 12:55:26,-,3,-,-,-,-,ポイント、残高の獲得,ローソン,PayPayポイント,-,-,04712160877274406917
2025/05/20 12:55:26,768,-,-,-,-,-,支払い,ローソン - Ａｂｅｍａ　Ｔｏｗｅｒｓ,"PayPayポイント (14円), PayPay残高 (754円)",-,-,04712160877274406917
2025/05/19 15:41:20,277,-,-,-,-,-,支払い,ツルハホールディングス - ツルハドラッグ渋谷センター街店,PayPay残高,-,-,04711504219724349442
2025/05/19 15:41:20,-,1,-,-,-,-,ポイント、残高の獲得,ツルハホールディングス,PayPayポイント,-,-,04711504219724349442
2025/05/19 12:13:25,787,-,-,-,-,-,支払い,ローソン - Ａｂｅｍａ　Ｔｏｗｅｒｓ,"PayPayポイント (16円), PayPay残高 (771円)",-,-,04711397060289978368
2025/05/19 12:13:25,-,3,-,-,-,-,ポイント、残高の獲得,ローソン,PayPayポイント,-,-,04711397060289978368
2025/05/19 04:48:00,670,-,-,-,-,-,支払い,ファミリーマート - 三軒茶屋二丁目,"PayPayポイント (308円), PayPay残高 (362円)",-,-,04711167494288474112
2025/05/19 04:48:00,-,2,-,-,-,-,ポイント、残高の獲得,ファミリーマート,PayPayポイント,-,-,04711167494288474112
2025/05/18 20:08:08,160,-,-,-,-,-,支払い,ファミリーマート - 三軒茶屋二丁目,PayPay残高,-,-,04710899557048729601
2025/05/18 19:13:17,-,4,-,-,-,-,ポイント、残高の獲得,OKINAWA FES Milafete,PayPayポイント,-,-,04710871278983716870
2025/05/18 19:13:17,"1,000",-,-,-,-,-,支払い,OKINAWA FES Milafete,"PayPayポイント (20円), PayPay残高 (980円)",-,-,04710871278983716870
2025/05/18 19:12:51,-,"3,000",-,-,-,-,チャージ,PayPay,ゆうちょ銀行 *****41,-,-,01999722776345427988
2025/05/18 05:39:51,"3,300",-,-,-,-,-,送った金額,宮元健斗だよ,PayPay残高,-,-,01999303767926603776
2025/05/18 05:39:38,-,"3,300",-,-,-,-,チャージ,PayPay,ゆうちょ銀行 *****41,-,-,01999303656256987138
2025/05/17 22:40:58,-,27,-,-,-,-,ポイント、残高の獲得,ASOBIBAR,PayPayポイント,-,-,04710236147810361347
2025/05/17 22:40:58,"5,500",-,-,-,-,-,支払い,ASOBIBAR - 新宿歌舞伎町タワー前店,"PayPayポイント (6円), PayPay残高 (5,494円)",-,-,04710236147810361347
2025/05/17 22:40:56,-,"5,000",-,-,-,-,チャージ,PayPay,ゆうちょ銀行 *****41,-,-,01999087859920265224
2025/05/17 22:25:15,"2,000",-,-,-,-,-,送った金額,宮元健斗だよ,PayPay残高,-,-,01999079768202248204
2025/05/17 22:25:13,-,"3,000",-,-,-,-,チャージ,PayPay,ゆうちょ銀行 *****41,-,-,01999079751022297100
2025/05/17 16:45:01,"20,000",-,-,-,-,-,送った金額,村田雅弥,PayPay残高,-,-,01998904421866799111
2025/05/17 16:44:41,-,"20,000",-,-,-,-,チャージ,PayPay,ゆうちょ銀行 *****41,-,-,01998904250068336656
2025/05/16 23:33:54,-,2,-,-,-,-,ポイント、残高の獲得,ローソン,PayPayポイント,-,-,04709521259093893122
2025/05/16 23:33:54,496,-,-,-,-,-,支払い,ローソン - 三軒茶屋,PayPay残高,-,-,04709521259093893122
2025/05/16 18:42:03,789,-,-,-,-,-,支払い,ローソン - Ａｂｅｍａ　Ｔｏｗｅｒｓ,PayPay残高,-,-,04709370840749187075
2025/05/16 18:42:02,-,3,-,-,-,-,ポイント、残高の獲得,ローソン,PayPayポイント,-,-,04709370840749187075
2025/05/16 18:41:59,-,"1,000",-,-,-,-,チャージ,PayPay,ゆうちょ銀行 *****41,-,-,01998222535679000576
2025/05/16 13:06:25,230,-,-,-,-,-,支払い,ローソン - 渋谷区井の頭通,PayPay残高,-,-,04709197856646381569
2025/05/16 13:06:24,-,1,-,-,-,-,ポイント、残高の獲得,ローソン,PayPayポイント,-,-,04709197856646381569
2025/05/16 02:05:24,538,-,-,-,-,-,支払い,ファミリーマート - 三軒茶屋二丁目,PayPay残高,-,-,04708857171250593792
2025/05/16 02:05:23,-,2,-,-,-,-,ポイント、残高の獲得,ファミリーマート,PayPayポイント,-,-,04708857171250593792
2025/05/16 01:54:33,959,-,-,-,-,-,支払い,TEMU,PayPay残高,-,-,04708851587792371712
2025/05/16 01:54:33,-,4,-,-,-,-,ポイント、残高の獲得,TEMU,PayPayポイント,-,-,04708851587792371712
2025/05/16 01:37:26,"2,334",-,-,-,-,-,支払い,TEMU,PayPay残高,-,-,04708842765930184704
2025/05/16 01:37:26,-,11,-,-,-,-,ポイント、残高の獲得,TEMU,PayPayポイント,-,-,04708842765930184704
2025/05/16 01:37:25,-,"3,000",-,-,-,-,チャージ,PayPay,ゆうちょ銀行 *****41,-,-,01997694478039891968
2025/05/16 01:31:08,"2,234",-,-,-,-,-,支払い,TEMU,"PayPayポイント (26円), PayPay残高 (2,208円)",-,-,04708839510344343552
2025/05/16 01:31:07,-,11,-,-,-,-,ポイント、残高の獲得,TEMU,PayPayポイント,-,-,04708839510344343552
2025/05/14 21:55:26,"1,041",-,-,-,-,-,支払い,セブン-イレブン - 世田谷上馬２丁目,PayPay残高,-,-,04707986169060352002
2025/05/14 21:55:25,-,5,-,-,-,-,ポイント、残高の獲得,セブン-イレブン,PayPayポイント,-,-,04707986169060352002
2025/05/14 21:10:42,"8,372",-,-,-,-,-,支払い,かきのおきて - かきのおきて三軒茶屋店,PayPay残高,-,-,04707963113677406208
2025/05/14 21:10:41,-,41,-,-,-,-,ポイント、残高の獲得,かきのおきて,PayPayポイント,-,-,04707963113677406208
2025/05/14 21:10:40,-,"10,000",-,-,-,-,チャージ,PayPay,ゆうちょ銀行 *****41,-,-,01996814825788219393
2025/05/14 08:07:50,606,-,-,-,-,-,支払い,ローソン - 渋谷区井の頭通,"PayPayポイント (2円), PayPay残高 (604円)",-,-,04707559635857596417
2025/05/14 08:07:50,-,3,-,-,-,-,ポイント、残高の獲得,ローソン,PayPayポイント,-,-,04707559635857596417
2025/05/13 20:14:44,626,-,-,-,-,-,支払い,ファミリーマート - 三軒茶屋二丁目,"PayPayポイント (10円), PayPay残高 (616円)",-,-,04707192106916274176
2025/05/13 20:14:44,-,3,-,-,-,-,ポイント、残高の獲得,ファミリーマート,PayPayポイント,-,-,04707192106916274176
2025/05/12 23:25:28,170,-,-,-,-,-,支払い,セブン-イレブン - 世田谷上馬２丁目,PayPay残高,-,-,04706548231189970946
2025/05/12 21:19:11,-,4,-,-,-,-,ポイント、残高の獲得,ファミリーマート,PayPayポイント,-,-,04706483145255526401
2025/05/12 21:19:11,823,-,-,-,-,-,支払い,ファミリーマート - 三軒茶屋二丁目,PayPay残高,-,-,04706483145255526401
2025/05/12 12:35:19,649,-,-,-,-,-,支払い,ローソン - Ａｂｅｍａ　Ｔｏｗｅｒｓ,"PayPayポイント (30円), PayPay残高 (619円)",-,-,04706213155021864961
2025/05/12 12:35:19,-,3,-,-,-,-,ポイント、残高の獲得,ローソン,PayPayポイント,-,-,04706213155021864961
2025/05/11 22:12:59,"2,000",-,-,-,-,-,送った金額,オノ,PayPay残高,-,-,01994620432507330561
2025/05/11 18:49:04,"10,000",-,-,-,-,-,送った金額,宮元健斗だよ,PayPay残高,-,-,01994515334657712128
2025/05/11 18:48:50,-,"10,000",-,-,-,-,チャージ,PayPay,ゆうちょ銀行 *****41,-,-,01994515214398464000
2025/05/11 18:37:24,"1,030",-,-,-,-,-,支払い,銀座ルノアール - 喫茶室ルノアール　渋谷南口店,"PayPayポイント (4円), PayPay残高 (1,026円)",-,-,04705657601001988096
2025/05/11 18:37:24,-,5,-,-,-,-,ポイント、残高の獲得,銀座ルノアール,PayPayポイント,-,-,04705657601001988096
2025/05/11 02:46:01,-,49,-,-,-,-,ポイント、残高の獲得,TEMU,PayPayポイント,-,-,04705167253175394307
2025/05/11 02:46:01,"9,937",-,-,-,-,-,支払い,TEMU,"PayPayポイント (54円), PayPay残高 (9,883円)",-,-,04705167253175394307
2025/05/10 20:40:05,-,"4,000",-,-,-,-,受け取った金額,ほっともっと,PayPay残高,-,-,01993830381863223297
2025/05/10 20:39:43,-,"3,500",-,-,-,-,受け取った金額,tomori,PayPay残高,-,-,01993830184294539292
2025/05/10 20:39:09,"11,062",-,-,-,-,-,支払い,磯丸水産 - 磯丸水産　六本木店,PayPay残高,-,-,04704978171535630338
2025/05/10 20:39:08,-,55,-,-,-,-,ポイント、残高の獲得,磯丸水産,PayPayポイント,-,-,04704978171535630338
2025/05/10 18:36:39,-,"1,800",-,-,-,-,受け取った金額,ほっともっと,PayPay残高,-,-,01993766764807585792
2025/05/10 18:36:20,-,"1,800",-,-,-,-,受け取った金額,tomori,PayPay残高,-,-,01993766593008754705
2025/05/10 18:35:29,"5,850",-,-,-,-,-,支払い,C.STAND - 六本木店,PayPay残高,-,-,04704914442810753026
2025/05/10 18:35:29,-,29,-,-,-,-,ポイント、残高の獲得,C.STAND,PayPayポイント,-,-,04704914442810753026
2025/05/10 14:20:41,780,-,-,-,-,-,支払い,VERVE COFFEE ROASTERS - 六本木,PayPay残高,-,-,04704783119889686529
2025/05/10 14:20:41,-,3,-,-,-,-,ポイント、残高の獲得,VERVE COFFEE ROASTERS,PayPayポイント,-,-,04704783119889686529
2025/05/10 13:59:16,810,-,-,-,-,-,支払い,ファミリーマート - 六本木駅前,"PayPayポイント (12円), PayPay残高 (798円)",-,-,04704772081824882690
2025/05/10 13:59:16,-,3,-,-,-,-,ポイント、残高の獲得,ファミリーマート,PayPayポイント,-,-,04704772081824882690
2025/05/09 22:47:30,548,-,-,-,-,-,支払い,ファミリーマート - 三軒茶屋二丁目,PayPay残高,-,-,04704302160862732290
2025/05/09 22:47:30,-,2,-,-,-,-,ポイント、残高の獲得,ファミリーマート,PayPayポイント,-,-,04704302160862732290
2025/05/09 16:24:56,648,-,-,-,-,-,支払い,ファミリーマート - 三軒茶屋二丁目,PayPay残高,-,-,04704104978914336772
2025/05/09 16:24:55,-,3,-,-,-,-,ポイント、残高の獲得,ファミリーマート,PayPayポイント,-,-,04704104978914336772
2025/05/09 09:11:23,510,-,-,-,-,-,支払い,ファミリーマート - 三軒茶屋二丁目,PayPay残高,-,-,04703881537535590400
2025/05/09 09:11:23,-,2,-,-,-,-,ポイント、残高の獲得,ファミリーマート,PayPayポイント,-,-,04703881537535590400
2025/05/08 23:30:57,405,-,-,-,-,-,支払い,ファミリーマート - 三軒茶屋二丁目,PayPay残高,-,-,04703582384472440833
2025/05/08 23:30:57,-,2,-,-,-,-,ポイント、残高の獲得,ファミリーマート,PayPayポイント,-,-,04703582384472440833
2025/05/08 14:39:56,320,-,-,-,-,-,支払い,サンマルクカフェ - サンマルクカフェ三軒茶屋店,PayPay残高,-,-,04703308691977396230
2025/05/08 14:39:55,-,1,-,-,-,-,ポイント、残高の獲得,サンマルクカフェ,PayPayポイント,-,-,04703308691977396230
2025/05/08 11:26:39,831,-,-,-,-,-,支払い,ファミリーマート - 三軒茶屋二丁目,"PayPayポイント (10円), PayPay残高 (821円)",-,-,04703209074505490432
2025/05/08 11:26:38,-,4,-,-,-,-,ポイント、残高の獲得,ファミリーマート,PayPayポイント,-,-,04703209074505490432
2025/05/07 16:04:13,925,-,-,-,-,-,支払い,ファミリーマート - 三軒茶屋二丁目,"PayPayポイント (4円), PayPay残高 (921円)",-,-,04702609969516748803
2025/05/07 16:04:13,-,4,-,-,-,-,ポイント、残高の獲得,ファミリーマート,PayPayポイント,-,-,04702609969516748803
2025/05/06 20:07:07,-,"1,500",-,-,-,-,受け取った金額,たいらおかだ,PayPay残高,-,-,01990844709576744968
2025/05/06 19:50:28,-,"1,500",-,-,-,-,受け取った金額,村田雅弥,PayPay残高,-,-,01990836119641767948
2025/05/06 19:49:33,-,7,-,-,-,-,ポイント、残高の獲得,六本木ヒルズ,PayPayポイント,-,-,04701983926494281739
2025/05/06 19:49:33,"1,430",-,-,-,-,-,支払い,六本木ヒルズ,PayPay残高,-,-,04701983926494281739
2025/05/06 18:59:31,"6,230",-,-,-,-,-,支払い,C.STAND - 六本木店,PayPay残高,-,-,04701958148100218880
2025/05/06 18:59:31,-,31,-,-,-,-,ポイント、残高の獲得,C.STAND,PayPayポイント,-,-,04701958148100218880
2025/05/06 14:36:28,-,3,-,-,-,-,ポイント、残高の獲得,ファミリーマート,PayPayポイント,-,-,04701822564572930063
2025/05/06 14:36:28,781,-,-,-,-,-,支払い,ファミリーマート - 六本木駅前,"PayPayポイント (4円), PayPay残高 (777円)",-,-,04701822564572930063
2025/05/06 02:26:42,898,-,-,-,-,-,支払い,ファミリーマート - 三軒茶屋二丁目,PayPay残高,-,-,04701446454287073281
2025/05/06 02:26:42,-,4,-,-,-,-,ポイント、残高の獲得,ファミリーマート,PayPayポイント,-,-,04701446454287073281
2025/05/05 20:17:04,681,-,-,-,-,-,支払い,ファミリーマート - 三軒茶屋二丁目,PayPay残高,-,-,04701255946717888512
2025/05/05 20:17:04,-,3,-,-,-,-,ポイント、残高の獲得,ファミリーマート,PayPayポイント,-,-,04701255946717888512
2025/05/05 15:54:10,405,-,-,-,-,-,支払い,ファミリーマート - 三軒茶屋二丁目,"PayPayポイント (6円), PayPay残高 (399円)",-,-,04701120449089593346
2025/05/05 15:54:10,-,1,-,-,-,-,ポイント、残高の獲得,ファミリーマート,PayPayポイント,-,-,04701120449089593346
2025/05/05 11:07:29,-,"30,000",-,-,-,-,受け取った金額,ゆち,PayPay残高,-,-,01989824405735809032
2025/05/04 18:06:27,188,-,-,-,-,-,支払い,ローソン - 熊本北郵便局前,PayPay残高,-,-,04700446457050824705
2025/05/04 11:44:14,566,-,-,-,-,-,支払い,スターバックス コーヒー - 鳥栖プレミアム・アウトレット店,PayPay残高,-,-,04700249464081514499
2025/05/04 11:44:14,-,2,-,-,-,-,ポイント、残高の獲得,スターバックス コーヒー,PayPayポイント,-,-,04700249464081514499
2025/05/04 10:12:10,"57,240",-,-,-,-,-,支払い,旅館 巳喜,PayPay残高,-,-,04700202013282762752
2025/05/04 10:12:10,-,286,-,-,-,-,ポイント、残高の獲得,旅館 巳喜,PayPayポイント,-,-,04700202013282762752
2025/05/04 10:11:52,-,"50,000",-,-,-,-,チャージ,PayPay,ゆうちょ銀行 *****41,-,-,01989053570775048200
2025/05/03 14:57:28,-,"10,000",-,-,-,-,受け取った金額,ゆち,PayPay残高,-,-,01988458606135697421
2025/05/03 14:44:06,-,120,-,-,-,-,ポイント、残高の獲得,アインズ＆トルペ,PayPayポイント,-,-,04699599987716718611
2025/05/03 14:44:06,"24,044",-,-,-,-,-,支払い,アインズ＆トルペ - アミュプラザくまもと店,PayPay残高,-,-,04699599987716718611
2025/05/03 14:41:31,-,"30,000",-,-,-,-,チャージ,PayPay,ゆうちょ銀行 *****41,-,-,01988450376977735680
2025/05/03 13:22:24,488,-,-,-,-,-,支払い,ファミリーマート - サクラマチ,PayPay残高,-,-,04699557879857397770
2025/05/03 13:22:23,-,2,-,-,-,-,ポイント、残高の獲得,ファミリーマート,PayPayポイント,-,-,04699557879857397770
2025/05/03 13:17:53,410,-,-,-,-,-,支払い,サクラマチクマモト - くまモンビレッジ,PayPay残高,-,-,04699555560574664710
2025/05/03 13:17:53,-,2,-,-,-,-,ポイント、残高の獲得,サクラマチクマモト,PayPayポイント,-,-,04699555560574664710
2025/05/03 13:17:48,-,"1,000",-,-,-,-,チャージ,PayPay,ゆうちょ銀行 *****41,-,-,01988407238326812697
2025/05/03 12:50:55,-,14,-,-,-,-,ポイント、残高の獲得,大戸屋ごはん処,PayPayポイント,-,-,04699541653471150089
2025/05/03 12:50:55,"2,970",-,-,-,-,-,支払い,大戸屋ごはん処 - 大戸屋ごはん処　サクラマチクマモト店,"PayPayポイント (4円), PayPay残高 (2,966円)",-,-,04699541653471150089
2025/05/01 08:44:51,"1,220",-,-,-,-,-,支払い,ローソン - 熊本北郵便局前,"PayPayポイント (8円), PayPay残高 (1,212円)",-,-,04697930499568893954
2025/05/01 08:44:51,-,12,-,-,-,-,ポイント、残高の獲得,ローソン,PayPayポイント,-,-,04697930499568893954
2025/04/30 18:11:03,"7,685",-,-,-,-,-,支払い,ANA FESTA - ANA FESTA 羽田61番ゲート店,PayPay残高,-,-,04697480137888104457
2025/04/30 18:11:02,-,76,-,-,-,-,ポイント、残高の獲得,ANA FESTA,PayPayポイント,-,-,04697480137888104457
2025/04/30 18:10:54,-,"10,000",-,-,-,-,チャージ,PayPay,ゆうちょ銀行 *****41,-,-,01986331781280063514
2025/04/30 18:02:58,"2,160",-,-,-,-,-,支払い,日本空港ビルデング - 00東京食賓館Ｂ,PayPay残高,-,-,04697475971770318855
2025/04/30 18:02:57,-,20,-,-,-,-,ポイント、残高の獲得,日本空港ビルデング,PayPayポイント,-,-,04697475971770318855
2025/04/30 18:02:53,-,"3,000",-,-,-,-,チャージ,PayPay,ゆうちょ銀行 *****41,-,-,01986327649521328158
2025/04/30 14:45:53,560,-,-,-,-,-,支払い,セブン-イレブン - 世田谷三軒茶屋２丁目,PayPay残高,-,-,04697374404383694850
2025/04/30 14:45:53,-,4,-,-,-,-,ポイント、残高の獲得,セブン-イレブン,PayPayポイント,-,-,04697374404383694850
2025/04/30 14:45:02,-,"1,000",-,-,-,-,チャージ,PayPay,ゆうちょ銀行 *****41,-,-,01986225686997925888
2025/04/30 14:27:56,"2,780",-,-,-,-,-,支払い,ビックカメラ - ビックカメラ渋谷ハチ公口店,"PayPayポイント (5円), PayPay残高 (2,775円)",-,-,04697365153023500290
2025/04/30 14:27:56,-,26,-,-,-,-,ポイント、残高の獲得,ビックカメラ,PayPayポイント,-,-,04697365153023500290
2025/04/30 14:27:48,-,"3,000",-,-,-,-,チャージ,PayPay,ゆうちょ銀行 *****41,-,-,01986216805005451267
2025/04/30 01:00:21,423,-,-,-,-,-,支払い,ファミリーマート - 三軒茶屋二丁目,PayPay残高,-,-,04696948927742918658
2025/04/30 01:00:21,-,4,-,-,-,-,ポイント、残高の獲得,ファミリーマート,PayPayポイント,-,-,04696948927742918658
2025/04/29 19:15:20,"3,500",-,-,-,-,-,送った金額,しもやまたいご,PayPay残高,-,-,01985622819618308110
2025/04/29 16:13:04,348,-,-,-,-,-,支払い,ファミリーマート - 三軒茶屋二丁目,"PayPayポイント (191円), PayPay残高 (157円)",-,-,04696677167982272512
2025/04/27 23:52:51,-,74,-,-,-,-,ポイント、残高の獲得,焼肉坂井ホールディングス,PayPayポイント,-,-,04695429789220675588
2025/04/27 23:52:51,"7,405",-,-,-,-,-,支払い,焼肉坂井ホールディングス - えん屋　東京中野店,PayPay残高,-,-,04695429789220675588
2025/04/27 23:52:29,-,"10,000",-,-,-,-,チャージ,PayPay,ゆうちょ銀行 *****41,-,-,01984281329533550593
2025/04/27 21:39:19,"5,100",-,-,-,-,-,送った金額,木戸口　文弥,PayPay残高,-,-,01984212695955677190
2025/04/27 21:38:47,-,"6,000",-,-,-,-,チャージ,PayPay,ゆうちょ銀行 *****41,-,-,01984212421078327311
2025/04/27 01:36:01,486,-,-,-,-,-,支払い,ファミリーマート - 三軒茶屋二丁目,PayPay残高,-,-,04694740790566608897
2025/04/27 01:36:00,-,4,-,-,-,-,ポイント、残高の獲得,ファミリーマート,PayPayポイント,-,-,04694740790566608897
2025/04/27 01:35:56,-,"1,000",-,-,-,-,チャージ,PayPay,ゆうちょ銀行 *****41,-,-,01983592476908609536
2025/04/26 18:20:13,626,-,-,-,-,-,支払い,セブン-イレブン - 世田谷三軒茶屋２丁目,PayPay残高,-,-,04694516189547290628
2025/04/26 18:20:13,-,6,-,-,-,-,ポイント、残高の獲得,セブン-イレブン,PayPayポイント,-,-,04694516189547290628
2025/04/26 18:19:42,-,"1,000",-,-,-,-,チャージ,PayPay,ゆうちょ銀行 *****41,-,-,01983367643960467465
2025/04/26 17:53:45,"2,000",-,-,-,-,-,送った金額,ほっともっと,PayPay残高,-,-,01983354269432676356
2025/04/26 17:53:34,-,"2,000",-,-,-,-,チャージ,PayPay,ゆうちょ銀行 *****41,-,-,01983354166352896021
2025/04/26 12:55:34,392,-,-,-,-,-,支払い,ファミリーマート - 渋谷フィンガーアベニュー,"PayPayポイント (2円), PayPay残高 (390円)",-,-,04694348866211545091
2025/04/26 12:55:34,-,2,-,-,-,-,ポイント、残高の獲得,ファミリーマート,PayPayポイント,-,-,04694348866211545091
2025/04/25 13:44:11,"1,332",-,-,-,-,-,支払い,ファミリーマート - 三軒茶屋二丁目,"PayPayポイント (2円), PayPay残高 (1,330円)",-,-,04693631752702042116
2025/04/25 13:44:11,-,12,-,-,-,-,ポイント、残高の獲得,ファミリーマート,PayPayポイント,-,-,04693631752702042116
2025/04/25 13:43:54,-,"1,000",-,-,-,-,チャージ,PayPay,ゆうちょ銀行 *****41,-,-,01982483327374090240
2025/04/24 23:38:51,-,4,-,-,-,-,ポイント、残高の獲得,ファミリーマート,PayPayポイント,-,-,04693196062629265412
2025/04/24 23:38:51,448,-,-,-,-,-,支払い,ファミリーマート - 三軒茶屋二丁目,PayPay残高,-,-,04693196062629265412
2025/04/24 23:38:47,-,"1,000",-,-,-,-,チャージ,PayPay,ゆうちょ銀行 *****41,-,-,01982047748970815491
2025/04/24 16:22:31,692,-,-,-,-,-,支払い,ファミリーマート - 六番町日テレ前,PayPay残高,-,-,04692971178139566082
2025/04/24 16:22:30,-,6,-,-,-,-,ポイント、残高の獲得,ファミリーマート,PayPayポイント,-,-,04692971178139566082
2025/04/24 13:27:36,230,-,-,-,-,-,支払い,セブン-イレブン - 麹町駅前,"PayPayポイント (8円), PayPay残高 (222円)",-,-,04692881035366588420
2025/04/24 13:27:36,-,2,-,-,-,-,ポイント、残高の獲得,セブン-イレブン,PayPayポイント,-,-,04692881035366588420
2025/04/24 13:27:32,-,"1,000",-,-,-,-,チャージ,PayPay,ゆうちょ銀行 *****41,-,-,01981732713119563799
2025/04/23 01:19:55,405,-,-,-,-,-,支払い,ファミリーマート - 三軒茶屋二丁目,PayPay残高,-,-,04691763811292766210
2025/04/23 01:19:54,-,4,-,-,-,-,ポイント、残高の獲得,ファミリーマート,PayPayポイント,-,-,04691763811292766210
2025/04/22 17:24:23,687,-,-,-,-,-,支払い,ローソン - Ａｂｅｍａ　Ｔｏｗｅｒｓ,PayPay残高,-,-,04691518731868946433
2025/04/22 17:24:23,-,6,-,-,-,-,ポイント、残高の獲得,ローソン,PayPayポイント,-,-,04691518731868946433
2025/04/22 12:52:46,230,-,-,-,-,-,支払い,ローソン - Ａｂｅｍａ　Ｔｏｗｅｒｓ,"PayPayポイント (41円), PayPay残高 (189円)",-,-,04691378741705875456
2025/04/21 17:49:41,-,2,-,-,-,-,ポイント、残高の獲得,ローソン,PayPayポイント,-,-,04690789592451588097
2025/04/21 17:49:41,303,-,-,-,-,-,支払い,ローソン - Ａｂｅｍａ　Ｔｏｗｅｒｓ,PayPay残高,-,-,04690789592451588097
2025/04/21 12:39:24,-,36,-,-,-,-,ポイント、残高の獲得,ビックカメラ,PayPayポイント,-,-,04690629673639763980
2025/04/21 12:39:24,"3,610",-,-,-,-,-,支払い,ビックカメラ - ビックカメラ渋谷ハチ公口店,"PayPayポイント (5円), PayPay残高 (3,605円)",-,-,04690629673639763980
2025/04/21 12:39:17,-,"5,000",-,-,-,-,チャージ,PayPay,ゆうちょ銀行 *****41,-,-,01979481334212681749
2025/04/20 20:39:28,792,-,-,-,-,-,支払い,ファミリーマート - 三軒茶屋二丁目,PayPay残高,-,-,04690134927766962186
2025/04/20 20:39:27,-,6,-,-,-,-,ポイント、残高の獲得,ファミリーマート,PayPayポイント,-,-,04690134927766962186
2025/04/20 20:39:23,-,"1,000",-,-,-,-,チャージ,PayPay,ゆうちょ銀行 *****41,-,-,01978986614109585413
2025/04/20 14:19:58,-,4,-,-,-,-,ポイント、残高の獲得,セブン-イレブン,PayPayポイント,-,-,04689939334956236812
2025/04/20 14:19:58,561,-,-,-,-,-,支払い,セブン-イレブン - 世田谷三軒茶屋２丁目,PayPay残高,-,-,04689939334956236812
2025/04/20 11:54:02,451,-,-,-,-,-,支払い,セブン-イレブン - 品川駅港南口,"PayPayポイント (2円), PayPay残高 (449円)",-,-,04689864130079023105
2025/04/20 11:54:02,-,4,-,-,-,-,ポイント、残高の獲得,セブン-イレブン,PayPayポイント,-,-,04689864130079023105
2025/04/19 23:18:16,-,16,-,-,-,-,ポイント、残高の獲得,ファミリーマート,PayPayポイント,-,-,04689474602314620930
2025/04/19 23:18:16,"1,765",-,-,-,-,-,支払い,ファミリーマート - 三軒茶屋二丁目,PayPay残高,-,-,04689474602314620930
2025/04/19 23:17:52,-,"2,000",-,-,-,-,チャージ,PayPay,ゆうちょ銀行 *****41,-,-,01978326125449109504
2025/04/19 14:40:01,"1,246",-,-,-,-,-,支払い,ファミリーマート - 六本木七丁目,"PayPayポイント (27円), PayPay残高 (1,219円)",-,-,04689207506888933376
2025/04/19 14:40:01,-,12,-,-,-,-,ポイント、残高の獲得,ファミリーマート,PayPayポイント,-,-,04689207506888933376
2025/04/19 14:39:54,-,"1,000",-,-,-,-,チャージ,PayPay,ゆうちょ銀行 *****41,-,-,01978059158871678998
2025/04/19 00:18:39,-,296,-,-,-,-,ポイント、残高の獲得,鳥貴族,PayPayポイント,-,-,04688763553299095554
2025/04/19 00:18:39,"2,960",-,-,-,-,-,支払い,鳥貴族 - 鳥貴族　新橋プラザビル店,PayPay残高,-,-,04688763553299095554
2025/04/19 00:18:29,-,"4,000",-,-,-,-,チャージ,PayPay,ゆうちょ銀行 *****41,-,-,01977615196692504577
2025/04/18 20:10:59,-,4,-,-,-,-,ポイント、残高の獲得,ローソン,PayPayポイント,-,-,04688635906871377928
2025/04/18 20:10:59,497,-,-,-,-,-,支払い,ローソン - Ａｂｅｍａ　Ｔｏｗｅｒｓ,PayPay残高,-,-,04688635906871377928
2025/04/18 15:08:42,531,-,-,-,-,-,支払い,ローソン - Ａｂｅｍａ　Ｔｏｗｅｒｓ,PayPay残高,-,-,04688480119817527297
2025/04/18 15:08:42,-,4,-,-,-,-,ポイント、残高の獲得,ローソン,PayPayポイント,-,-,04688480119817527297
2025/04/18 15:08:38,-,"1,000",-,-,-,-,チャージ,PayPay,ゆうちょ銀行 *****41,-,-,01977331797570183181
2025/04/18 10:41:57,820,-,-,-,-,-,支払い,ローソン - Ａｂｅｍａ　Ｔｏｗｅｒｓ,"PayPayポイント (5円), PayPay残高 (815円)",-,-,04688342637913743360
2025/04/18 10:41:57,-,8,-,-,-,-,ポイント、残高の獲得,ローソン,PayPayポイント,-,-,04688342637913743360
2025/04/18 00:46:14,513,-,-,-,-,-,支払い,ファミリーマート - 三軒茶屋二丁目,PayPay残高,-,-,04688035599291219972
2025/04/18 00:46:13,-,4,-,-,-,-,ポイント、残高の獲得,ファミリーマート,PayPayポイント,-,-,04688035599291219972
2025/04/18 00:46:07,-,"1,000",-,-,-,-,チャージ,PayPay,ゆうちょ銀行 *****41,-,-,01976887268455251968
2025/04/17 14:32:12,-,6,-,-,-,-,ポイント、残高の獲得,ファミリーマート,PayPayポイント,-,-,04687719128921325571
2025/04/17 14:32:12,624,-,-,-,-,-,支払い,ファミリーマート - 三軒茶屋二丁目,"PayPayポイント (8円), PayPay残高 (616円)",-,-,04687719128921325571
2025/04/15 22:40:43,659,-,-,-,-,-,支払い,ファミリーマート - 三軒茶屋二丁目,PayPay残高,-,-,04686486576386547713
2025/04/15 22:40:43,-,6,-,-,-,-,ポイント、残高の獲得,ファミリーマート,PayPayポイント,-,-,04686486576386547713
2025/04/15 19:53:57,618,-,-,-,-,-,支払い,ファミリーマート - 三軒茶屋二丁目,PayPay残高,-,-,04686400625501454337
2025/04/15 19:53:57,-,6,-,-,-,-,ポイント、残高の獲得,ファミリーマート,PayPayポイント,-,-,04686400625501454337
2025/04/15 12:24:22,-,10,-,-,-,-,ポイント、残高の獲得,anydeli,PayPayポイント,-,-,04686168903424827392
2025/04/15 12:24:21,"1,080",-,-,-,-,-,支払い,anydeli,PayPay残高,-,-,04686168903424827392
2025/04/15 12:24:19,-,"3,000",-,-,-,-,チャージ,PayPay,ゆうちょ銀行 *****41,-,-,01975020606947581953
2025/04/15 10:07:14,422,-,-,-,-,-,支払い,ローソン - Ａｂｅｍａ　Ｔｏｗｅｒｓ,"PayPayポイント (7円), PayPay残高 (415円)",-,-,04686098234032979971
2025/04/15 10:07:14,-,4,-,-,-,-,ポイント、残高の獲得,ローソン,PayPayポイント,-,-,04686098234032979971
2025/04/14 17:37:53,341,-,-,-,-,-,支払い,ローソン - Ａｂｅｍａ　Ｔｏｗｅｒｓ,PayPay残高,-,-,04685588326925754368
2025/04/14 17:37:53,-,2,-,-,-,-,ポイント、残高の獲得,ローソン,PayPayポイント,-,-,04685588326925754368
2025/04/13 19:37:56,-,10,-,-,-,-,ポイント、残高の獲得,ファミリーマート,PayPayポイント,-,-,04684908021284798477
2025/04/13 19:37:56,"1,187",-,-,-,-,-,支払い,ファミリーマート - 三軒茶屋二丁目,"PayPayポイント (124円), PayPay残高 (1,063円)",-,-,04684908021284798477
2025/04/12 19:41:20,"3,133",-,-,-,-,-,支払い,ファミリーマート - 三軒茶屋二丁目,"PayPayポイント (16円), PayPay残高 (3,117円)",-,-,04684167611872518151
2025/04/12 19:41:20,-,30,-,-,-,-,ポイント、残高の獲得,ファミリーマート,PayPayポイント,-,-,04684167611872518151
2025/04/11 23:53:30,-,54,-,-,-,-,ポイント、残高の獲得,ASOBIBAR,PayPayポイント,-,-,04683555398644523008
2025/04/11 23:53:30,"5,500",-,-,-,-,-,支払い,ASOBIBAR - 渋谷横丁前店,PayPay残高,-,-,04683555398644523008
2025/04/11 23:52:57,-,"10,000",-,-,-,-,チャージ,PayPay,ゆうちょ銀行 *****41,-,-,01972406844470542336
2025/04/11 23:31:17,"5,000",-,-,-,-,-,送った金額,ほっともっと,PayPay残高,-,-,01972395677555236864
2025/04/11 23:30:46,-,"5,000",-,-,-,-,チャージ,PayPay,ゆうちょ銀行 *****41,-,-,01972395402677411852
2025/04/11 11:32:24,419,-,-,-,-,-,支払い,ローソン - Ａｂｅｍａ　Ｔｏｗｅｒｓ,"PayPayポイント (5円), PayPay残高 (414円)",-,-,04683173438612660228
2025/04/11 11:32:23,-,4,-,-,-,-,ポイント、残高の獲得,ローソン,PayPayポイント,-,-,04683173438612660228
2025/04/11 11:32:20,-,"1,000",-,-,-,-,チャージ,PayPay,ゆうちょ銀行 *****41,-,-,01972025124956848156
2025/04/10 23:21:58,-,4,-,-,-,-,ポイント、残高の獲得,ファミリーマート,PayPayポイント,-,-,04682796976139124737
2025/04/10 23:21:58,543,-,-,-,-,-,支払い,ファミリーマート - 三軒茶屋二丁目,PayPay残高,-,-,04682796976139124737
2025/04/10 15:31:54,917,-,-,-,-,-,支払い,ファミリーマート - 三軒茶屋二丁目,"PayPayポイント (72円), PayPay残高 (845円)",-,-,04682554714214014977
2025/04/10 15:31:54,-,8,-,-,-,-,ポイント、残高の獲得,ファミリーマート,PayPayポイント,-,-,04682554714214014977
2025/04/10 15:31:50,-,"1,000",-,-,-,-,チャージ,PayPay,ゆうちょ銀行 *****41,-,-,01971406400558022656
2025/04/08 21:55:00,947,-,-,-,-,-,支払い,ファミリーマート - 三軒茶屋二丁目,PayPay残高,-,-,04681267821751525376
2025/04/08 21:55:00,-,8,-,-,-,-,ポイント、残高の獲得,ファミリーマート,PayPayポイント,-,-,04681267821751525376
2025/04/08 21:54:54,-,"1,000",-,-,-,-,チャージ,PayPay,ゆうちょ銀行 *****41,-,-,01970119482327253000
2025/04/08 17:44:55,391,-,-,-,-,-,支払い,ローソン - Ａｂｅｍａ　Ｔｏｗｅｒｓ,"PayPayポイント (28円), PayPay残高 (363円)",-,-,04681138929783013383
2025/04/08 17:44:55,-,2,-,-,-,-,ポイント、残高の獲得,ローソン,PayPayポイント,-,-,04681138929783013383
2025/04/07 23:15:45,-,4,-,-,-,-,ポイント、残高の獲得,ファミリーマート,PayPayポイント,-,-,04680567261046251525
2025/04/07 23:15:45,492,-,-,-,-,-,支払い,ファミリーマート - 三軒茶屋二丁目,"PayPayポイント (3円), PayPay残高 (489円)",-,-,04680567261046251525
2025/04/07 23:15:41,-,"1,000",-,-,-,-,チャージ,PayPay,ゆうちょ銀行 *****41,-,-,01969418947391315976
2025/04/06 01:07:37,405,-,-,-,-,-,支払い,ファミリーマート - 三軒茶屋二丁目,PayPay残高,-,-,04679140584579530752
2025/04/06 01:07:37,-,4,-,-,-,-,ポイント、残高の獲得,ファミリーマート,PayPayポイント,-,-,04679140584579530752
2025/04/05 19:43:16,-,6,-,-,-,-,ポイント、残高の獲得,ファミリーマート,PayPayポイント,-,-,04678973407272943616
2025/04/05 19:43:16,790,-,-,-,-,-,支払い,ファミリーマート - 三軒茶屋二丁目,"PayPayポイント (14円), PayPay残高 (776円)",-,-,04678973407272943616
2025/04/05 19:43:11,-,"1,000",-,-,-,-,チャージ,PayPay,ゆうちょ銀行 *****41,-,-,01967825085027778574
2025/04/02 13:12:13,560,-,-,-,-,-,支払い,ローソン - Ａｂｅｍａ　Ｔｏｗｅｒｓ,PayPay残高,-,-,04676545359179841536
2025/04/02 13:12:13,-,4,-,-,-,-,ポイント、残高の獲得,ローソン,PayPayポイント,-,-,04676545359179841536
2025/04/02 09:20:56,171,-,-,-,-,-,支払い,ローソン - Ａｂｅｍａ　Ｔｏｗｅｒｓ,PayPay残高,-,-,04676426156657426432
2025/04/01 18:44:36,"1,715",-,-,-,-,-,支払い,ファミリーマート - 三軒茶屋二丁目,"PayPayポイント (3円), PayPay残高 (1,712円)",-,-,04675974497896873984
2025/04/01 18:44:36,-,8,-,-,-,-,ポイント、残高の獲得,ファミリーマート,PayPayポイント,-,-,04675974497896873984
2025/03/31 22:47:45,588,-,-,-,-,-,支払い,ファミリーマート - 三軒茶屋二丁目,PayPay残高,-,-,04675357637514141698
2025/03/31 22:47:44,-,2,-,-,-,-,ポイント、残高の獲得,ファミリーマート,PayPayポイント,-,-,04675357637514141698
2025/03/31 17:10:58,771,-,-,-,-,-,支払い,ローソン - Ａｂｅｍａ　Ｔｏｗｅｒｓ,"PayPayポイント (10円), PayPay残高 (761円)",-,-,04675184069295448066
2025/03/31 17:10:58,-,3,-,-,-,-,ポイント、残高の獲得,ローソン,PayPayポイント,-,-,04675184069295448066
2025/03/30 20:45:27,"26,400",-,-,-,-,-,支払い,酒場　それがし - 酒場　それがし,PayPay残高,-,-,04674552442815012865
2025/03/30 20:45:27,-,132,-,-,-,-,ポイント、残高の獲得,酒場　それがし,PayPayポイント,-,-,04674552442815012865
2025/03/30 20:44:40,-,"30,000",-,-,-,-,チャージ,PayPay,ゆうちょ銀行 *****41,-,-,01963403751202357261
2025/03/30 14:51:23,-,3,-,-,-,-,ポイント、残高の獲得,ファミリーマート,PayPayポイント,-,-,04674369941064327186
2025/03/30 14:51:22,698,-,-,-,-,-,支払い,ファミリーマート - 三軒茶屋二丁目,PayPay残高,-,-,04674369941064327186
2025/03/30 13:43:44,-,26,-,-,-,-,ポイント、残高の獲得,そばごや,PayPayポイント,-,-,04674335083109638148
2025/03/30 13:43:44,"5,220",-,-,-,-,-,支払い,そばごや - 麻布十番 蕎麦居酒屋 そばごや,"PayPayポイント (2円), PayPay残高 (5,218円)",-,-,04674335083109638148
2025/03/30 12:20:21,-,"5,000",-,-,-,-,受け取った金額,村田雅弥,PayPay残高,-,-,01963143828371087369
2025/03/30 01:04:19,-,12,-,-,-,-,ポイント、残高の獲得,セブン-イレブン,PayPayポイント,-,-,04673943682740101121
2025/03/30 01:04:19,"2,507",-,-,-,-,-,支払い,セブン-イレブン - 世田谷上馬２丁目,PayPay残高,-,-,04673943682740101121
2025/03/29 23:05:51,"3,000",-,-,-,-,-,送った金額,村田雅弥,PayPay残高,-,-,01962734346189086749
2025/03/29 23:05:35,-,"3,000",-,-,-,-,チャージ,PayPay,ゆうちょ銀行 *****41,-,-,01962734208750952454
2025/03/29 17:38:02,-,"1,400",-,-,-,-,受け取った金額,村田雅弥,PayPay残高,-,-,01962565390766014466
2025/03/29 17:37:41,"2,800",-,-,-,-,-,支払い,C.STAND - C.STAND 渋谷センター街店,PayPay残高,-,-,04673713498262994945
2025/03/29 17:37:41,-,14,-,-,-,-,ポイント、残高の獲得,C.STAND,PayPayポイント,-,-,04673713498262994945
2025/03/29 17:37:27,-,"5,000",-,-,-,-,チャージ,PayPay,ゆうちょ銀行 *****41,-,-,01962565098709082112
2025/03/29 13:29:43,-,4,-,-,-,-,ポイント、残高の獲得,はなまる,PayPayポイント,-,-,04673585688626053123
2025/03/29 13:29:43,970,-,-,-,-,-,支払い,はなまる - はなまるうどん 渋谷駅西口店,"PayPayポイント (4円), PayPay残高 (966円)",-,-,04673585688626053123
2025/03/29 13:29:37,-,"1,000",-,-,-,-,チャージ,PayPay,ゆうちょ銀行 *****41,-,-,01962437366380503040
2025/03/27 23:59:17,551,-,-,-,-,-,支払い,ファミリーマート - 三軒茶屋二丁目,"PayPayポイント (9円), PayPay残高 (542円)",-,-,04672425832707801088
2025/03/27 23:59:17,-,2,-,-,-,-,ポイント、残高の獲得,ファミリーマート,PayPayポイント,-,-,04672425832707801088
2025/03/27 23:59:12,-,"1,000",-,-,-,-,チャージ,PayPay,ゆうちょ銀行 *****41,-,-,01961277501872283648
2025/03/26 15:22:49,-,1,-,-,-,-,ポイント、残高の獲得,ローソン,PayPayポイント,-,-,04671417468875104261
2025/03/26 15:22:48,302,-,-,-,-,-,支払い,ローソン - Ａｂｅｍａ　Ｔｏｗｅｒｓ,PayPay残高,-,-,04671417468875104261
2025/03/26 13:07:57,218,-,-,-,-,-,支払い,ローソン - Ａｂｅｍａ　Ｔｏｗｅｒｓ,"PayPayポイント (3円), PayPay残高 (215円)",-,-,04671347967714369539
2025/03/26 13:07:57,-,1,-,-,-,-,ポイント、残高の獲得,ローソン,PayPayポイント,-,-,04671347967714369539
2025/03/24 18:47:06,171,-,-,-,-,-,支払い,ローソン - Ａｂｅｍａ　Ｔｏｗｅｒｓ,"PayPayポイント (4円), PayPay残高 (167円)",-,-,04670038415005900814
2025/03/24 00:17:07,"1,627",-,-,-,-,-,支払い,ファミリーマート - 三軒茶屋二丁目,PayPay残高,-,-,04669466342541901827
2025/03/24 00:17:07,-,8,-,-,-,-,ポイント、残高の獲得,ファミリーマート,PayPayポイント,-,-,04669466342541901827
2025/03/24 00:17:01,-,"1,000",-,-,-,-,チャージ,PayPay,ゆうちょ銀行 *****41,-,-,01958318011707301888
2025/03/24 00:16:39,-,"1,000",-,-,-,-,チャージ,PayPay,ゆうちょ銀行 *****41,-,-,01958317822729519104
2025/03/23 20:48:43,-,9,-,-,-,-,ポイント、残高の獲得,六本木ヒルズ,PayPayポイント,-,-,4669358865280032770#44113
2025/03/23 20:48:36,"1,870",-,-,-,-,-,支払い,六本木ヒルズ,PayPay残高,-,-,04669358865280032770
2025/03/23 20:48:35,-,9,-,-,-,-,ポイント、残高の獲得,六本木ヒルズ,PayPayポイント,-,-,04669358865280032770
2025/03/23 19:52:35,-,"1,900",-,-,-,-,受け取った金額,tomori,PayPay残高,-,-,01958181723805696004
2025/03/23 19:51:44,"3,690",-,-,-,-,-,支払い,C.STAND - 六本木店,PayPay残高,-,-,04669329565013262339
2025/03/23 19:51:44,-,18,-,-,-,-,ポイント、残高の獲得,C.STAND,PayPayポイント,-,-,04669329565013262339
2025/03/23 19:51:34,-,"4,000",-,-,-,-,チャージ,PayPay,ゆうちょ銀行 *****41,-,-,01958181191229734935
2025/03/23 14:17:35,549,-,-,-,-,-,支払い,ファミリーマート - 六本木駅前,"PayPayポイント (3円), PayPay残高 (546円)",-,-,04669157345414660098
2025/03/23 14:17:35,-,2,-,-,-,-,ポイント、残高の獲得,ファミリーマート,PayPayポイント,-,-,04669157345414660098
2025/03/23 00:00:53,694,-,-,-,-,-,支払い,ファミリーマート - 三軒茶屋二丁目,PayPay残高,-,-,04668715805597171712
2025/03/23 00:00:53,-,3,-,-,-,-,ポイント、残高の獲得,ファミリーマート,PayPayポイント,-,-,04668715805597171712
2025/03/23 00:00:45,-,"1,000",-,-,-,-,チャージ,PayPay,ゆうちょ銀行 *****41,-,-,01957567457583226880
2025/03/22 20:09:19,430,-,-,-,-,-,支払い,ファミリーマート - 三軒茶屋二丁目,PayPay残高,-,-,04668596457045385220
2025/03/22 20:09:19,-,2,-,-,-,-,ポイント、残高の獲得,ファミリーマート,PayPayポイント,-,-,04668596457045385220
2025/03/22 16:54:51,-,1,-,-,-,-,ポイント、残高の獲得,サンマルクカフェ,PayPayポイント,-,-,04668496221098663939
2025/03/22 16:54:51,390,-,-,-,-,-,支払い,サンマルクカフェ - サンマルクカフェ三軒茶屋店,"PayPayポイント (1円), PayPay残高 (389円)",-,-,04668496221098663939
2025/03/22 16:54:46,-,"1,000",-,-,-,-,チャージ,PayPay,ゆうちょ銀行 *****41,-,-,01957347898854703118
2025/03/22 02:03:23,-,2,-,-,-,-,ポイント、残高の獲得,ファミリーマート,PayPayポイント,-,-,04668036762677313536
2025/03/22 02:03:23,420,-,-,-,-,-,支払い,ファミリーマート - 三軒茶屋二丁目,PayPay残高,-,-,04668036762677313536
2025/03/21 13:41:24,406,-,-,-,-,-,支払い,セブン-イレブン - 世田谷上馬２丁目,PayPay残高,-,-,04667654355968532480
2025/03/21 13:41:24,-,2,-,-,-,-,ポイント、残高の獲得,セブン-イレブン,PayPayポイント,-,-,04667654355968532480
2025/03/20 22:08:10,-,25,-,-,-,-,ポイント、残高の獲得,新宿天然温泉テルマー湯,PayPayポイント,-,-,04667173362581913601
2025/03/20 22:08:10,"5,000",-,-,-,-,-,支払い,新宿天然温泉テルマー湯,PayPay残高,-,-,04667173362581913601
2025/03/20 22:08:09,-,"3,000",-,-,-,-,チャージ,PayPay,ゆうちょ銀行 *****41,-,-,01956025074697469968
2025/03/20 19:08:50,"2,300",-,-,-,-,-,送った金額,ほっともっと,PayPay残高,-,-,01955932664181366784
2025/03/20 14:59:19,428,-,-,-,-,-,支払い,ファミリーマート - 六本木駅前,"PayPayポイント (2円), PayPay残高 (426円)",-,-,04666952343564484610
2025/03/20 14:59:19,-,2,-,-,-,-,ポイント、残高の獲得,ファミリーマート,PayPayポイント,-,-,04666952343564484610
2025/03/20 00:19:00,185,-,-,-,-,-,支払い,ファミリーマート - 三軒茶屋二丁目,PayPay残高,-,-,04666498631808770049
2025/03/19 20:48:37,568,-,-,-,-,-,支払い,ローソン - Ａｂｅｍａ　Ｔｏｗｅｒｓ,PayPay残高,-,-,04666390201065316354
2025/03/19 20:48:37,-,2,-,-,-,-,ポイント、残高の獲得,ローソン,PayPayポイント,-,-,04666390201065316354
2025/03/19 13:29:07,725,-,-,-,-,-,支払い,ローソン - Ａｂｅｍａ　Ｔｏｗｅｒｓ,PayPay残高,-,-,04666163684489969667
2025/03/19 13:29:07,-,3,-,-,-,-,ポイント、残高の獲得,ローソン,PayPayポイント,-,-,04666163684489969667
2025/03/18 13:17:41,-,4,-,-,-,-,ポイント、残高の獲得,ローソン,PayPayポイント,-,-,04665415612854697991
2025/03/18 13:17:41,839,-,-,-,-,-,支払い,ローソン - Ａｂｅｍａ　Ｔｏｗｅｒｓ,PayPay残高,-,-,04665415612854697991
2025/03/18 09:31:04,-,1,-,-,-,-,ポイント、残高の獲得,ローソン,PayPayポイント,-,-,04665298815514017795
2025/03/18 09:31:04,292,-,-,-,-,-,支払い,ローソン - Ａｂｅｍａ　Ｔｏｗｅｒｓ,PayPay残高,-,-,04665298815514017795
2025/03/17 14:13:34,-,3,-,-,-,-,ポイント、残高の獲得,ファミリーマート,PayPayポイント,-,-,04664702244555767808
2025/03/17 14:13:34,664,-,-,-,-,-,支払い,ファミリーマート - 三軒茶屋二丁目,PayPay残高,-,-,04664702244555767808
2025/03/17 09:47:17,149,-,-,-,-,-,支払い,ローソン - 熊本北郵便局前,"PayPayポイント (27円), PayPay残高 (122円)",-,-,04664565011760324613
2025/03/16 13:24:38,"1,440",-,-,-,-,-,支払い,広川サービスエリア 下り線 - すりみ屋,"PayPayポイント (8円), PayPay残高 (1,432円)",-,-,04663934862748663808
2025/03/16 13:24:38,-,7,-,-,-,-,ポイント、残高の獲得,広川サービスエリア 下り線,PayPayポイント,-,-,04663934862748663808
2025/03/14 22:25:58,598,-,-,-,-,-,支払い,ローソン - 熊本北郵便局前,PayPay残高,-,-,04662729523127058433
2025/03/14 22:25:58,-,2,-,-,-,-,ポイント、残高の獲得,ローソン,PayPayポイント,-,-,04662729523127058433
2025/03/14 20:34:54,"24,250",-,-,-,-,-,支払い,清香園 - 光の森店,PayPay残高,-,-,04662672279802658817
2025/03/14 20:34:54,-,121,-,-,-,-,ポイント、残高の獲得,清香園,PayPayポイント,-,-,04662672279802658817
2025/03/14 20:34:39,-,"30,000",-,-,-,-,チャージ,PayPay,ゆうちょ銀行 *****41,-,-,01951523863070662670
2025/03/14 08:43:26,230,-,-,-,-,-,支払い,ローソン - 熊本北郵便局前,"PayPayポイント (4円), PayPay残高 (226円)",-,-,04662305592674418691
2025/03/14 08:43:26,-,1,-,-,-,-,ポイント、残高の獲得,ローソン,PayPayポイント,-,-,04662305592674418691
2025/03/13 18:14:50,-,16,-,-,-,-,ポイント、残高の獲得,ANA FESTA,PayPayポイント,-,-,04661857911053230083
2025/03/13 18:14:50,"3,243",-,-,-,-,-,支払い,ANA FESTA - ANA FESTA 羽田61番ゲート店,"PayPayポイント (4円), PayPay残高 (3,239円)",-,-,04661857911053230083
2025/03/12 23:52:34,423,-,-,-,-,-,支払い,ファミリーマート - 三軒茶屋二丁目,PayPay残高,-,-,04661289807139782658
2025/03/12 23:52:33,-,2,-,-,-,-,ポイント、残高の獲得,ファミリーマート,PayPayポイント,-,-,04661289807139782658
2025/03/12 20:11:03,-,2,-,-,-,-,ポイント、残高の獲得,ローソン,PayPayポイント,-,-,04661175638319087624
2025/03/12 20:11:03,559,-,-,-,-,-,支払い,ローソン - Ａｂｅｍａ　Ｔｏｗｅｒｓ,PayPay残高,-,-,04661175638319087624
2025/03/12 14:00:05,-,1,-,-,-,-,ポイント、残高の獲得,ローソン,PayPayポイント,-,-,04660984443554291717
2025/03/12 14:00:05,240,-,-,-,-,-,支払い,ローソン - Ａｂｅｍａ　Ｔｏｗｅｒｓ,"PayPayポイント (27円), PayPay残高 (213円)",-,-,04660984443554291717
2025/03/11 22:38:04,"2,009",-,-,-,-,-,支払い,ファミリーマート - 三軒茶屋二丁目,PayPay残高,-,-,04660509248372580352
2025/03/11 22:38:04,-,10,-,-,-,-,ポイント、残高の獲得,ファミリーマート,PayPayポイント,-,-,04660509248372580352
2025/03/11 21:46:21,-,3,-,-,-,-,ポイント、残高の獲得,ツルハホールディングス,PayPayポイント,-,-,04660482585215016964
2025/03/11 21:46:21,704,-,-,-,-,-,支払い,ツルハホールディングス - ツルハドラッグ渋谷センター街店,PayPay残高,-,-,04660482585215016964
2025/03/11 19:26:18,-,3,-,-,-,-,ポイント、残高の獲得,ローソン,PayPayポイント,-,-,04660410403994370053
2025/03/11 19:26:18,749,-,-,-,-,-,支払い,ローソン - Ａｂｅｍａ　Ｔｏｗｅｒｓ,PayPay残高,-,-,04660410403994370053
2025/03/11 12:40:39,-,3,-,-,-,-,ポイント、残高の獲得,ローソン,PayPayポイント,-,-,04660201333576736787
2025/03/11 12:40:39,611,-,-,-,-,-,支払い,ローソン - Ａｂｅｍａ　Ｔｏｗｅｒｓ,"PayPayポイント (9円), PayPay残高 (602円)",-,-,04660201333576736787
2025/03/10 22:29:53,"10,307",-,-,-,-,-,支払い,しゃぶしゃぶ温野菜 - しゃぶしゃぶ温野菜渋谷1st店,PayPay残高,-,-,04659762860364570625
2025/03/10 22:29:53,-,51,-,-,-,-,ポイント、残高の獲得,しゃぶしゃぶ温野菜,PayPayポイント,-,-,04659762860364570625
2025/03/10 22:29:48,-,"20,000",-,-,-,-,チャージ,PayPay,ゆうちょ銀行 *****41,-,-,01948614538123649028
2025/03/10 12:31:47,-,1,-,-,-,-,ポイント、残高の獲得,ローソン,PayPayポイント,-,-,04659454593382064134
2025/03/10 12:31:47,397,-,-,-,-,-,支払い,ローソン - Ａｂｅｍａ　Ｔｏｗｅｒｓ,PayPay残高,-,-,04659454593382064134
2025/03/10 09:02:44,-,1,-,-,-,-,ポイント、残高の獲得,ローソン,PayPayポイント,-,-,04659346849832419332
2025/03/10 09:02:44,379,-,-,-,-,-,支払い,ローソン - Ａｂｅｍａ　Ｔｏｗｅｒｓ,"PayPayポイント (13円), PayPay残高 (366円)",-,-,04659346849832419332
2025/03/09 14:18:30,-,28,-,-,-,-,ポイント、残高の獲得,LIPPS,PayPayポイント,-,-,04658767424384868352
2025/03/09 14:18:29,"5,650",-,-,-,-,-,支払い,LIPPS - LIPPS 二子玉川,"PayPayポイント (5円), PayPay残高 (5,645円)",-,-,04658767424384868352
2025/03/09 14:18:00,-,"10,000",-,-,-,-,チャージ,PayPay,ゆうちょ銀行 *****41,-,-,01947618887394435090
2025/03/07 12:54:03,-,2,-,-,-,-,ポイント、残高の獲得,ローソン,PayPayポイント,-,-,04657239549898784773
2025/03/07 12:54:02,413,-,-,-,-,-,支払い,ローソン - Ａｂｅｍａ　Ｔｏｗｅｒｓ,PayPay残高,-,-,04657239549898784773
2025/03/07 12:53:58,-,"1,000",-,-,-,-,チャージ,PayPay,ゆうちょ銀行 *****41,-,-,01946091236246732821
2025/03/07 12:35:11,397,-,-,-,-,-,支払い,ローソン - Ａｂｅｍａ　Ｔｏｗｅｒｓ,"PayPayポイント (4円), PayPay残高 (393円)",-,-,04657229843272269825
2025/03/07 12:35:11,-,1,-,-,-,-,ポイント、残高の獲得,ローソン,PayPayポイント,-,-,04657229843272269825
2025/03/06 13:52:56,630,-,-,-,-,-,支払い,セブン-イレブン - 世田谷上馬２丁目,"PayPayポイント (1円), PayPay残高 (629円)",-,-,04656527744968417282
2025/03/06 13:52:56,-,3,-,-,-,-,ポイント、残高の獲得,セブン-イレブン,PayPayポイント,-,-,04656527744968417282
2025/03/06 13:52:39,-,"1,000",-,-,-,-,チャージ,PayPay,ゆうちょ銀行 *****41,-,-,01945379311058042890
2025/03/05 14:14:32,-,9,-,-,-,-,ポイント、残高の獲得,ローソン,PayPayポイント,-,-,04655796698583891979
2025/03/05 14:14:32,"1,811",-,-,-,-,-,支払い,ローソン - 三軒茶屋,"PayPayポイント (2円), PayPay残高 (1,809円)",-,-,04655796698583891979
2025/03/04 16:45:45,-,2,-,-,-,-,ポイント、残高の獲得,ファミリーマート,PayPayポイント,-,-,04655132464711843847
2025/03/04 16:45:45,410,-,-,-,-,-,支払い,ファミリーマート - 三軒茶屋二丁目,"PayPayポイント (1円), PayPay残高 (409円)",-,-,04655132464711843847
2025/03/02 18:14:33,603,-,-,-,-,-,支払い,ファミリーマート - 三軒茶屋二丁目,PayPay残高,-,-,04653693899775950849
2025/03/02 18:14:33,-,3,-,-,-,-,ポイント、残高の獲得,ファミリーマート,PayPayポイント,-,-,04653693899775950849
2025/03/02 15:58:06,180,-,-,-,-,-,支払い,ファミリーマート - 三軒茶屋二丁目,"PayPayポイント (3円), PayPay残高 (177円)",-,-,04653623573981585412
2025/03/01 19:12:42,-,"2,000",-,-,-,-,受け取った金額,ほっともっと,PayPay残高,-,-,01941833407017066516
2025/03/01 14:18:37,141,-,-,-,-,-,支払い,ファミリーマート - 渋谷フィンガーアベニュー,PayPay残高,-,-,04652830130313093121
2025/03/01 13:40:34,-,8,-,-,-,-,ポイント、残高の獲得,肉のはせ川,PayPayポイント,-,-,04652810510902501379
2025/03/01 13:40:34,"1,660",-,-,-,-,-,支払い,肉のはせ川 - 渋谷店,PayPay残高,-,-,04652810510902501379
2025/03/01 01:48:50,534,-,-,-,-,-,支払い,ファミリーマート - 三軒茶屋二丁目,"PayPayポイント (14円), PayPay残高 (520円)",-,-,04652443694925774849
2025/03/01 01:48:50,-,2,-,-,-,-,ポイント、残高の獲得,ファミリーマート,PayPayポイント,-,-,04652443694925774849
2025/02/28 00:43:32,-,2,-,-,-,-,ポイント、残高の獲得,ファミリーマート,PayPayポイント,-,-,04651667860623040515
2025/02/28 00:43:32,405,-,-,-,-,-,支払い,ファミリーマート - 三軒茶屋二丁目,PayPay残高,-,-,04651667860623040515
2025/02/26 22:22:54,-,2,-,-,-,-,ポイント、残高の獲得,ファミリーマート,PayPayポイント,-,-,04650853208406024194
2025/02/26 22:22:54,476,-,-,-,-,-,支払い,ファミリーマート - 三軒茶屋二丁目,PayPay残高,-,-,04650853208406024194
2025/02/26 12:07:41,559,-,-,-,-,-,支払い,ローソン - Ａｂｅｍａ　Ｔｏｗｅｒｓ,"PayPayポイント (2円), PayPay残高 (557円)",-,-,04650536136739946498
2025/02/26 12:07:41,-,2,-,-,-,-,ポイント、残高の獲得,ローソン,PayPayポイント,-,-,04650536136739946498
2025/02/26 12:07:37,-,"5,000",-,-,-,-,チャージ,PayPay,ゆうちょ銀行 *****41,-,-,01939387818279739394
2025/02/25 18:53:44,996,-,-,-,-,-,支払い,ファミリーマート - 三軒茶屋二丁目,"PayPayポイント (10円), PayPay残高 (986円)",-,-,04650003242964754432
2025/02/25 18:53:44,-,4,-,-,-,-,ポイント、残高の獲得,ファミリーマート,PayPayポイント,-,-,04650003242964754432
2025/02/25 02:45:39,"1,081",-,-,-,-,-,支払い,ファミリーマート - 三軒茶屋二丁目,"PayPayポイント (2円), PayPay残高 (1,079円)",-,-,04649504296614461440
2025/02/25 02:45:39,-,5,-,-,-,-,ポイント、残高の獲得,ファミリーマート,PayPayポイント,-,-,04649504296614461440
2025/02/25 02:45:32,-,"2,000",-,-,-,-,チャージ,PayPay,ゆうちょ銀行 *****41,-,-,01938355952383844352
2025/02/23 19:31:11,430,-,-,-,-,-,支払い,ファミリーマート - 三軒茶屋二丁目,PayPay残高,-,-,04648538203850997762
2025/02/23 19:31:11,-,2,-,-,-,-,ポイント、残高の獲得,ファミリーマート,PayPayポイント,-,-,04648538203850997762
2025/02/23 18:58:09,"2,000",-,-,-,-,-,送った金額,ほっともっと,PayPay残高,-,-,01937372885913575448
2025/02/23 15:53:50,-,1,-,-,-,-,ポイント、残高の獲得,ファミリーマート,PayPayポイント,-,-,04648426173924253705
2025/02/23 15:53:50,457,-,-,-,-,-,支払い,ファミリーマート - 渋谷フィンガーアベニュー,"PayPayポイント (63円), PayPay残高 (394円)",-,-,04648426173924253705
2025/02/22 21:41:54,571,-,-,-,-,-,支払い,ファミリーマート - 三軒茶屋二丁目,PayPay残高,-,-,04647863404358705153
2025/02/22 21:41:54,-,2,-,-,-,-,ポイント、残高の獲得,ファミリーマート,PayPayポイント,-,-,04647863404358705153
2025/02/22 21:41:50,-,"3,000",-,-,-,-,チャージ,PayPay,ゆうちょ銀行 *****41,-,-,01936715077311438852
2025/02/22 13:12:34,-,2,-,-,-,-,ポイント、残高の獲得,ファミリーマート,PayPayポイント,-,-,04647600887368392710
2025/02/22 13:12:34,482,-,-,-,-,-,支払い,ファミリーマート - 三軒茶屋二丁目,PayPay残高,-,-,04647600887368392710
2025/02/22 11:43:36,113,-,-,-,-,-,支払い,ローソン - ＬＡＷＳＯＮ＋ｔｏｋｓ三軒茶屋駅,PayPay残高,-,-,04647555034297466886
2025/02/22 11:43:27,-,"1,000",-,-,-,-,チャージ,PayPay,ゆうちょ銀行 *****41,-,-,01936406672888913942
2025/02/21 20:28:50,398,-,-,-,-,-,支払い,ファミリーマート - 三軒茶屋二丁目,"PayPayポイント (1円), PayPay残高 (397円)",-,-,04647083575737311235
2025/02/21 20:28:50,-,1,-,-,-,-,ポイント、残高の獲得,ファミリーマート,PayPayポイント,-,-,04647083575737311235
2025/02/21 00:11:32,497,-,-,-,-,-,支払い,セブン-イレブン - 世田谷上馬２丁目,PayPay残高,-,-,04646456184094720000
2025/02/21 00:11:32,-,2,-,-,-,-,ポイント、残高の獲得,セブン-イレブン,PayPayポイント,-,-,04646456184094720000
2025/02/20 17:56:59,264,-,-,-,-,-,支払い,ローソン - Ａｂｅｍａ　Ｔｏｗｅｒｓ,"PayPayポイント (14円), PayPay残高 (250円)",-,-,04646263142493863939
2025/02/20 17:56:59,-,1,-,-,-,-,ポイント、残高の獲得,ローソン,PayPayポイント,-,-,04646263142493863939
2025/02/18 15:45:30,-,2,-,-,-,-,ポイント、残高の獲得,ローソン,PayPayポイント,-,-,04644711027212009474
2025/02/18 15:45:30,405,-,-,-,-,-,支払い,ローソン - Ａｂｅｍａ　Ｔｏｗｅｒｓ,"PayPayポイント (5円), PayPay残高 (400円)",-,-,04644711027212009474
2025/02/16 20:04:36,"2,500",-,-,-,-,-,送った金額,村田雅弥,PayPay残高,-,-,01932211950123671552
2025/02/16 20:04:33,-,"3,000",-,-,-,-,チャージ,PayPay,ゆうちょ銀行 *****41,-,-,01932211924353884164
2025/02/16 19:50:07,"2,090",-,-,-,-,-,送った金額,村田雅弥,PayPay残高,-,-,01932204476883116072
2025/02/16 14:28:57,143,-,-,-,-,-,支払い,ファミリーマート - 新宿四丁目,PayPay残高,-,-,04643187241534398470
2025/02/15 21:54:37,"2,010",-,-,-,-,-,送った金額,ok,PayPay残高,-,-,01931526481934786568
2025/02/15 20:06:46,"1,300",-,-,-,-,-,送った金額,ok,PayPay残高,-,-,01931470887874863120
2025/02/15 18:45:49,"4,300",-,-,-,-,-,送った金額,杏海,PayPay残高,-,-,01931429175155728384
2025/02/15 18:44:50,-,"10,000",-,-,-,-,チャージ,PayPay,ゆうちょ銀行 *****41,-,-,01931428668351193094
2025/02/15 00:55:05,"5,500",-,-,-,-,-,支払い,ASOBIBAR - 渋谷横丁前店,PayPay残高,-,-,04642025598909792262
2025/02/15 00:55:04,-,27,-,-,-,-,ポイント、残高の獲得,ASOBIBAR,PayPayポイント,-,-,04642025598909792262
2025/02/15 00:55:03,-,"5,000",-,-,-,-,チャージ,PayPay,ゆうちょ銀行 *****41,-,-,01930877297626619908
2025/02/15 00:37:20,"3,500",-,-,-,-,-,送った金額,丸山司,PayPay残高,-,-,01930868175116591104
2025/02/15 00:36:56,"8,000",-,-,-,-,-,送った金額,鈴木俊史,PayPay残高,-,-,01930867968957407236
2025/02/14 20:22:04,-,"1,400",-,-,-,-,受け取った金額,鈴木俊史,PayPay残高,-,-,01930736603090231328
2025/02/14 20:21:58,-,"1,400",-,-,-,-,受け取った金額,丸山司,PayPay残高,-,-,01930736560135856131
2025/02/14 12:13:14,749,-,-,-,-,-,支払い,ローソン - Ａｂｅｍａ　Ｔｏｗｅｒｓ,PayPay残高,-,-,04641632944409051140
2025/02/14 12:13:13,-,3,-,-,-,-,ポイント、残高の獲得,ローソン,PayPayポイント,-,-,04641632944409051140
2025/02/13 18:52:29,-,5,-,-,-,-,ポイント、残高の獲得,ファミリーマート,PayPayポイント,-,-,04641096545942159364
2025/02/13 18:52:29,"1,178",-,-,-,-,-,支払い,ファミリーマート - 三軒茶屋二丁目,"PayPayポイント (1円), PayPay残高 (1,177円)",-,-,04641096545942159364
2025/02/12 18:04:41,285,-,-,-,-,-,支払い,ローソン - Ａｂｅｍａ　Ｔｏｗｅｒｓ,PayPay残高,-,-,04640329748251197441
2025/02/12 18:04:41,-,1,-,-,-,-,ポイント、残高の獲得,ローソン,PayPayポイント,-,-,04640329748251197441
2025/02/12 10:39:21,-,2,-,-,-,-,ポイント、残高の獲得,ローソン,PayPayポイント,-,-,04640100216608899074
2025/02/12 10:39:21,627,-,-,-,-,-,支払い,ローソン - Ａｂｅｍａ　Ｔｏｗｅｒｓ,"PayPayポイント (49円), PayPay残高 (578円)",-,-,04640100216608899074
2025/02/12 00:44:40,-,"2,000",-,-,-,-,受け取った金額,村田雅弥,PayPay残高,-,-,01928645435048468484
2025/02/12 00:44:28,-,"2,000",-,-,-,-,受け取った金額,宮元健斗だよ,PayPay残高,-,-,01928645340559892480
2025/02/12 00:31:06,293,-,-,-,-,-,支払い,ファミリーマート - 三軒茶屋二丁目,PayPay残高,-,-,04639786735535120385
2025/02/12 00:31:06,-,1,-,-,-,-,ポイント、残高の獲得,ファミリーマート,PayPayポイント,-,-,04639786735535120385
2025/02/11 18:59:47,-,3,-,-,-,-,ポイント、残高の獲得,ファミリーマート,PayPayポイント,-,-,04639615967636152328
2025/02/11 18:59:47,671,-,-,-,-,-,支払い,ファミリーマート - 三軒茶屋二丁目,PayPay残高,-,-,04639615967636152328
2025/02/11 13:20:23,-,1,-,-,-,-,ポイント、残高の獲得,ファミリーマート,PayPayポイント,-,-,04639441042207432705
2025/02/11 13:20:23,230,-,-,-,-,-,支払い,ファミリーマート - 渋谷フィンガーアベニュー,PayPay残高,-,-,04639441042207432705
2025/02/10 21:57:21,-,27,-,-,-,-,ポイント、残高の獲得,海底撈,PayPayポイント,-,-,04638965314450161665
2025/02/10 21:57:21,"5,560",-,-,-,-,-,支払い,海底撈 - 新宿店,"PayPayポイント (6円), PayPay残高 (5,554円)",-,-,04638965314450161665
2025/02/10 21:57:08,-,"10,000",-,-,-,-,チャージ,PayPay,ゆうちょ銀行 *****41,-,-,01927816918679216136
2025/02/09 17:46:05,293,-,-,-,-,-,支払い,ファミリーマート - 三軒茶屋二丁目,PayPay残高,-,-,04638093650837929984
2025/02/09 17:46:05,-,1,-,-,-,-,ポイント、残高の獲得,ファミリーマート,PayPayポイント,-,-,04638093650837929984
2025/02/09 17:18:22,-,"2,000",-,-,-,-,受け取った金額,ほっともっと,PayPay残高,-,-,01926931073083695118
2025/02/09 14:43:42,-,1,-,-,-,-,ポイント、残高の獲得,ファミリーマート,PayPayポイント,-,-,04637999642593337346
2025/02/09 14:43:42,294,-,-,-,-,-,支払い,ファミリーマート - 渋谷マークシティ,PayPay残高,-,-,04637999642593337346
2025/02/09 13:00:19,-,"2,000",-,-,-,-,受け取った金額,オノ,PayPay残高,-,-,01926798083717160960
2025/02/09 12:29:23,"1,310",-,-,-,-,-,支払い,かにチャーハンの店 - かにチャーハンの店　渋谷店,PayPay残高,-,-,04637930424899960836
2025/02/09 12:29:23,-,6,-,-,-,-,ポイント、残高の獲得,かにチャーハンの店,PayPayポイント,-,-,04637930424899960836
2025/02/09 10:24:39,230,-,-,-,-,-,支払い,ファミリーマート - 渋谷マークシティ,"PayPayポイント (5円), PayPay残高 (225円)",-,-,04637866137830072320
2025/02/09 10:24:39,-,1,-,-,-,-,ポイント、残高の獲得,ファミリーマート,PayPayポイント,-,-,04637866137830072320
2025/02/09 10:06:37,-,"1,000",-,-,-,-,受け取った金額,村田雅弥,PayPay残高,-,-,01926708559420530688
2025/02/08 21:56:27,"1,347",-,-,-,-,-,支払い,ファミリーマート - 三軒茶屋二丁目,PayPay残高,-,-,04637480509895819265
2025/02/08 21:56:26,-,6,-,-,-,-,ポイント、残高の獲得,ファミリーマート,PayPayポイント,-,-,04637480509895819265
2025/02/08 21:56:23,-,"2,000",-,-,-,-,チャージ,PayPay,ゆうちょ銀行 *****41,-,-,01926332191433023498
2025/02/08 21:23:47,322,-,-,-,-,-,支払い,ローソン - 恵比寿南一丁目,PayPay残高,-,-,04637463682214756352
2025/02/08 21:23:47,-,1,-,-,-,-,ポイント、残高の獲得,ローソン,PayPayポイント,-,-,04637463682214756352
2025/02/08 13:23:04,880,-,-,-,-,-,支払い,渋谷PARCO - チュウカソバセンモン タナカソバテン シブヤパルコテン,PayPay残高,-,-,04637215922730303490
2025/02/08 13:23:04,-,4,-,-,-,-,ポイント、残高の獲得,渋谷PARCO,PayPayポイント,-,-,04637215922730303490
2025/02/08 13:23:00,-,"1,000",-,-,-,-,チャージ,PayPay,ゆうちょ銀行 *****41,-,-,01926067604266803204
2025/02/08 10:18:07,419,-,-,-,-,-,支払い,ファミリーマート - 渋谷フィンガーアベニュー,"PayPayポイント (14円), PayPay残高 (405円)",-,-,04637120600226349057
2025/02/08 10:18:07,-,2,-,-,-,-,ポイント、残高の獲得,ファミリーマート,PayPayポイント,-,-,04637120600226349057
2025/02/07 21:00:16,"2,000",-,-,-,-,-,送った金額,ミヤケイ,PayPay残高,-,-,01925561098777862144
2025/02/07 20:58:20,-,"2,000",-,-,-,-,チャージ,PayPay,ゆうちょ銀行 *****41,-,-,01925560102341189641
2025/02/07 18:03:11,-,1,-,-,-,-,ポイント、残高の獲得,ローソン,PayPayポイント,-,-,04636618114823348232
2025/02/07 18:03:11,372,-,-,-,-,-,支払い,ローソン - Ａｂｅｍａ　Ｔｏｗｅｒｓ,PayPay残高,-,-,04636618114823348232
2025/02/07 18:03:00,-,"3,000",-,-,-,-,チャージ,PayPay,ゆうちょ銀行 *****41,-,-,01925469744820903939
2025/02/07 12:25:44,397,-,-,-,-,-,支払い,ローソン - Ａｂｅｍａ　Ｔｏｗｅｒｓ,PayPay残高,-,-,04636444203007516673
2025/02/07 12:25:44,-,1,-,-,-,-,ポイント、残高の獲得,ローソン,PayPayポイント,-,-,04636444203007516673
2025/02/07 09:31:04,-,1,-,-,-,-,ポイント、残高の獲得,ローソン,PayPayポイント,-,-,04636354171903057921
2025/02/07 09:31:04,397,-,-,-,-,-,支払い,ローソン - Ａｂｅｍａ　Ｔｏｗｅｒｓ,"PayPayポイント (19円), PayPay残高 (378円)",-,-,04636354171903057921
2025/02/06 11:46:24,538,-,-,-,-,-,支払い,ローソン - Ａｂｅｍａ　Ｔｏｗｅｒｓ,"PayPayポイント (46円), PayPay残高 (492円)",-,-,04635681760412647426
2025/02/06 11:46:24,-,2,-,-,-,-,ポイント、残高の獲得,ローソン,PayPayポイント,-,-,04635681760412647426
2025/02/06 11:46:17,-,"1,000",-,-,-,-,チャージ,PayPay,ゆうちょ銀行 *****41,-,-,01924533416175345669
2025/02/05 20:38:53,-,1,-,-,-,-,ポイント、残高の獲得,ファミリーマート,PayPayポイント,-,-,04635214012702359554
2025/02/05 20:38:51,296,-,-,-,-,-,支払い,ファミリーマート - 三軒茶屋二丁目,PayPay残高,-,-,04635214012702359554
2025/02/05 17:23:32,646,-,-,-,-,-,支払い,ローソン - Ａｂｅｍａ　Ｔｏｗｅｒｓ,"PayPayポイント (8円), PayPay残高 (638円)",-,-,04635113347259006976
2025/02/05 17:23:32,-,3,-,-,-,-,ポイント、残高の獲得,ローソン,PayPayポイント,-,-,04635113347259006976
2025/02/04 09:50:43,-,1,-,-,-,-,ポイント、残高の獲得,ローソン,PayPayポイント,-,-,04634137788386934784
2025/02/04 09:50:43,389,-,-,-,-,-,支払い,ローソン - Ａｂｅｍａ　Ｔｏｗｅｒｓ,PayPay残高,-,-,04634137788386934784
2025/02/03 21:36:54,3,-,-,-,-,-,支払い,ファミリーマート - 三軒茶屋二丁目,PayPay残高,-,-,04633759590747209728
2025/02/03 21:36:40,-,2,-,-,-,-,ポイント、残高の獲得,ファミリーマート,PayPayポイント,-,-,04633759461898248193
2025/02/03 21:36:40,527,-,-,-,-,-,支払い,ファミリーマート - 三軒茶屋二丁目,"PayPayポイント (93円), PayPay残高 (434円)",-,-,04633759461898248193
2025/02/02 18:12:42,397,-,-,-,-,-,支払い,セブン-イレブン - 世田谷三軒茶屋２丁目,"PayPayポイント (47円), PayPay残高 (350円)",-,-,04632912176519921664
2025/02/02 18:12:42,-,1,-,-,-,-,ポイント、残高の獲得,セブン-イレブン,PayPayポイント,-,-,04632912176519921664
2025/02/02 17:11:45,-,"2,000",-,-,-,-,受け取った金額,ほっともっと,PayPay残高,-,-,01921732479016853504
2025/01/31 22:20:00,650,-,-,-,-,-,支払い,ファミリーマート - 三軒茶屋二丁目,"PayPayポイント (9円), PayPay残高 (641円)",-,-,04631555293271842818
2025/01/31 22:20:00,-,3,-,-,-,-,ポイント、残高の獲得,ファミリーマート,PayPayポイント,-,-,04631555293271842818
2025/01/30 23:57:40,-,"1,000",-,-,-,-,チャージ,PayPay,ゆうちょ銀行 *****41,-,-,01919715167235678208
2025/01/29 12:05:37,397,-,-,-,-,-,支払い,ローソン - Ａｂｅｍａ　Ｔｏｗｅｒｓ,PayPay残高,-,-,04629754301812031493
2025/01/29 12:05:37,-,1,-,-,-,-,ポイント、残高の獲得,ローソン,PayPayポイント,-,-,04629754301812031493
2025/01/29 10:27:46,"2,000",-,-,-,-,-,支払い,ローソン - Ａｂｅｍａ　Ｔｏｗｅｒｓ,PayPay残高,-,-,04629703861716434947
2025/01/29 10:27:45,-,10,-,-,-,-,ポイント、残高の獲得,ローソン,PayPayポイント,-,-,04629703861716434947
2025/01/29 10:27:41,-,"1,000",-,-,-,-,チャージ,PayPay,ゆうちょ銀行 *****41,-,-,01918555534657298438
2025/01/29 10:26:26,606,-,-,-,-,-,支払い,ローソン - Ａｂｅｍａ　Ｔｏｗｅｒｓ,PayPay残高,-,-,04629703183111192576
2025/01/29 10:26:26,-,3,-,-,-,-,ポイント、残高の獲得,ローソン,PayPayポイント,-,-,04629703183111192576
2025/01/27 14:06:51,-,2,-,-,-,-,ポイント、残高の獲得,ローソン,PayPayポイント,-,-,04628332435708682245
2025/01/27 14:06:51,450,-,-,-,-,-,支払い,ローソン - Ａｂｅｍａ　Ｔｏｗｅｒｓ,PayPay残高,-,-,04628332435708682245
2025/01/26 15:09:44,-,"2,000",-,-,-,-,受け取った金額,ほっともっと,PayPay残高,-,-,01916474391068418072
2025/01/26 13:26:43,-,8,-,-,-,-,ポイント、残高の獲得,東京基地離スペイン坂店,PayPayポイント,-,-,04627569580797517825
2025/01/26 13:26:43,"1,760",-,-,-,-,-,支払い,東京基地離スペイン坂店 - スペイン坂店,PayPay残高,-,-,04627569580797517825
2025/01/26 10:03:31,-,2,-,-,-,-,ポイント、残高の獲得,ファミリーマート,PayPayポイント,-,-,04627464852315037702
2025/01/26 10:03:31,510,-,-,-,-,-,支払い,ファミリーマート - 渋谷フィンガーアベニュー,"PayPayポイント (11円), PayPay残高 (499円)",-,-,04627464852315037702
2025/01/25 14:02:04,631,-,-,-,-,-,支払い,ファミリーマート - 三軒茶屋二丁目,"PayPayポイント (102円), PayPay残高 (529円)",-,-,04626845638289973248
2025/01/25 14:02:04,-,2,-,-,-,-,ポイント、残高の獲得,ファミリーマート,PayPayポイント,-,-,04626845638289973248
2025/01/25 01:54:50,-,"1,000",-,-,-,-,受け取った金額,宮元健斗だよ,PayPay残高,-,-,01915322532380631044
2025/01/24 23:17:29,"5,500",-,-,-,-,-,支払い,ASOBIBAR - 渋谷横丁前店,PayPay残高,-,-,04626389727511461888
2025/01/24 23:17:29,-,27,-,-,-,-,ポイント、残高の獲得,ASOBIBAR,PayPayポイント,-,-,04626389727511461888
2025/01/24 23:01:38,-,"3,515",-,-,-,-,受け取った金額,宮元健斗だよ,PayPay残高,-,-,01915233265778958371
2025/01/24 23:00:22,"7,030",-,-,-,-,-,支払い,鳥貴族 - 鳥貴族　渋谷道玄坂店,"PayPayポイント (170円), PayPay残高 (6,860円)",-,-,04626380905648881665
2025/01/24 23:00:22,-,34,-,-,-,-,ポイント、残高の獲得,鳥貴族,PayPayポイント,-,-,04626380905648881665
2025/01/24 23:00:15,-,"10,000",-,-,-,-,チャージ,PayPay,ゆうちょ銀行 *****41,-,-,01915232561405222913
2025/01/24 16:41:24,-,2,-,-,-,-,ポイント、残高の獲得,ファミリーマート,PayPayポイント,-,-,04626185579126128649
2025/01/24 16:41:24,451,-,-,-,-,-,支払い,ファミリーマート - 三軒茶屋二丁目,PayPayポイント,-,-,04626185579126128649
2025/01/22 13:13:48,230,-,-,-,-,-,支払い,ローソン - Ａｂｅｍａ　Ｔｏｗｅｒｓ,PayPayポイント,-,-,04624594250791919617
2025/01/22 13:13:48,-,1,-,-,-,-,ポイント、残高の獲得,ローソン,PayPayポイント,-,-,04624594250791919617
2025/01/21 19:57:41,"2,327",-,-,-,-,-,支払い,セブン-イレブン - 世田谷三軒茶屋２丁目,PayPay残高,-,-,04624060240328155137
2025/01/21 19:57:41,-,11,-,-,-,-,ポイント、残高の獲得,セブン-イレブン,PayPayポイント,-,-,04624060240328155137
2025/01/21 19:57:37,-,"2,000",-,-,-,-,チャージ,PayPay,ゆうちょ銀行 *****41,-,-,01912911921853095936
2025/01/21 14:58:31,230,-,-,-,-,-,支払い,ローソン - Ａｂｅｍａ　Ｔｏｗｅｒｓ,"PayPayポイント (1円), PayPay残高 (229円)",-,-,04623906051002499077
2025/01/21 14:58:31,-,1,-,-,-,-,ポイント、残高の獲得,ローソン,PayPayポイント,-,-,04623906051002499077
2025/01/20 12:34:01,-,2,-,-,-,-,ポイント、残高の獲得,ローソン,PayPayポイント,-,-,04623089397330485262
2025/01/20 12:34:01,589,-,-,-,-,-,支払い,ローソン - Ａｂｅｍａ　Ｔｏｗｅｒｓ,"PayPayポイント (10円), PayPay残高 (579円)",-,-,04623089397330485262
2025/01/19 17:00:43,425,-,-,-,-,-,支払い,ファミリーマート - 三軒茶屋二丁目,"PayPayポイント (1円), PayPay残高 (424円)",-,-,04622484691705233410
2025/01/19 17:00:43,-,2,-,-,-,-,ポイント、残高の獲得,ファミリーマート,PayPayポイント,-,-,04622484691705233410
2025/01/18 21:28:34,"1,000",-,-,-,-,-,送った金額,村田雅弥,PayPay残高,-,-,01910732277472354332
2025/01/18 20:04:49,"10,000",-,-,-,-,-,送った金額,村田雅弥,PayPay残高,-,-,01910689121642422280
2025/01/18 20:04:46,-,"10,000",-,-,-,-,チャージ,PayPay,ゆうちょ銀行 *****41,-,-,01910689095874240520
2025/01/18 19:50:36,"6,400",-,-,-,-,-,送った金額,後藤啓介,PayPay残高,-,-,01910681785836822549
2025/01/18 19:50:33,-,"10,000",-,-,-,-,チャージ,PayPay,ゆうちょ銀行 *****41,-,-,01910681768660590603
2025/01/18 14:21:25,-,3,-,-,-,-,ポイント、残高の獲得,デイリーヤマザキ,PayPayポイント,-,-,04621660410171236357
2025/01/18 14:21:25,656,-,-,-,-,-,支払い,デイリーヤマザキ - 渋谷区神南,"PayPayポイント (6円), PayPay残高 (650円)",-,-,04621660410171236357
2025/01/17 21:30:16,"6,000",-,-,-,-,-,送った金額,tomori,PayPay残高,-,-,01909990983298424852
2025/01/17 21:30:13,-,"5,000",-,-,-,-,チャージ,PayPay,ゆうちょ銀行 *****41,-,-,01909990966121291780
2025/01/16 21:54:56,365,-,-,-,-,-,支払い,セブン-イレブン - 世田谷三軒茶屋２丁目,"PayPayポイント (184円), PayPay残高 (181円)",-,-,04620409818774003714
2025/01/14 21:36:42,"7,027",-,-,-,-,-,送った金額,宮元健斗だよ,PayPay残高,-,-,01907767796554506242
2025/01/14 21:36:27,-,"7,027",-,-,-,-,チャージ,PayPay,ゆうちょ銀行 *****41,-,-,01907767659120648203
2025/01/14 15:04:15,-,1,-,-,-,-,ポイント、残高の獲得,ローソン,PayPayポイント,-,-,04618713804908814341
2025/01/14 15:04:15,371,-,-,-,-,-,支払い,ローソン - Ａｂｅｍａ　Ｔｏｗｅｒｓ,PayPay残高,-,-,04618713804908814341
2025/01/13 20:18:14,"8,590",-,-,-,-,-,支払い,丸港水産 - 新宿店,"PayPayポイント (20円), PayPay残高 (8,570円)",-,-,04618133468927574017
2025/01/13 20:18:14,-,42,-,-,-,-,ポイント、残高の獲得,丸港水産,PayPayポイント,-,-,04618133468927574017
2025/01/13 20:17:50,-,"10,000",-,-,-,-,返金,丸港水産 - 新宿店,"PayPayポイント (20円), PayPay残高 (9,980円)",-,-,04618132721602928641
2025/01/13 20:17:49,49,-,-,-,-,-,ポイント、残高の取消,-,PayPayポイント,-,-,04618132721602928641
2025/01/13 20:16:48,-,49,-,-,-,-,ポイント、残高の獲得,丸港水産,PayPayポイント,-,-,04618132721602928641
2025/01/13 20:16:48,"10,000",-,-,-,-,-,支払い,丸港水産 - 新宿店,"PayPayポイント (20円), PayPay残高 (9,980円)",-,-,04618132721602928641
2025/01/13 20:16:47,-,"10,000",-,-,-,-,チャージ,PayPay,ゆうちょ銀行 *****41,-,-,01906984428883451912
2025/01/13 03:51:55,-,7,-,-,-,-,ポイント、残高の獲得,ファミリーマート,PayPayポイント,-,-,04617625116598001667
2025/01/13 03:51:55,"1,490",-,-,-,-,-,支払い,ファミリーマート - 三軒茶屋二丁目,"PayPayポイント (5円), PayPay残高 (1,485円)",-,-,04617625116598001667
2025/01/12 17:57:16,"5,000",-,-,-,-,-,送った金額,村田雅弥,PayPay残高,-,-,01906170352188235792
2025/01/12 17:57:11,-,"3,000",-,-,-,-,チャージ,PayPay,ゆうちょ銀行 *****41,-,-,01906170317833609217
2025/01/12 17:13:47,"10,000",-,-,-,-,-,送った金額,村田雅弥,PayPay残高,-,-,01906147941049704452
2025/01/12 17:13:24,-,"10,000",-,-,-,-,チャージ,PayPay,ゆうちょ銀行 *****41,-,-,01906147752074797069
2025/01/12 08:54:20,-,"4,000",-,-,-,-,受け取った金額,tomori,PayPay残高,-,-,01905890535071277056
2025/01/11 19:52:24,523,-,-,-,-,-,支払い,ファミリーマート - 三軒茶屋二丁目,PayPay残高,-,-,04616635813831524354
2025/01/11 19:52:24,-,2,-,-,-,-,ポイント、残高の獲得,ファミリーマート,PayPayポイント,-,-,04616635813831524354
2025/01/11 19:52:20,-,"1,000",-,-,-,-,チャージ,PayPay,ゆうちょ銀行 *****41,-,-,01905487495344578568
2025/01/11 12:52:52,230,-,-,-,-,-,支払い,ファミリーマート - 渋谷フィンガーアベニュー,PayPay残高,-,-,04616419587997999110
2025/01/11 12:52:52,-,1,-,-,-,-,ポイント、残高の獲得,ファミリーマート,PayPayポイント,-,-,04616419587997999110
2025/01/11 09:35:10,701,-,-,-,-,-,支払い,ローソン - ＬＡＷＳＯＮ＋ｔｏｋｓ三軒茶屋駅,"PayPayポイント (4円), PayPay残高 (697円)",-,-,04616317694193410048
2025/01/11 09:35:10,-,3,-,-,-,-,ポイント、残高の獲得,ローソン,PayPayポイント,-,-,04616317694193410048
2025/01/10 21:16:20,359,-,-,-,-,-,支払い,セブン-イレブン - 大田区美原通り南,PayPay残高,-,-,04615936902393176065
2025/01/10 21:16:20,-,1,-,-,-,-,ポイント、残高の獲得,セブン-イレブン,PayPayポイント,-,-,04615936902393176065
2025/01/10 21:16:16,-,"1,000",-,-,-,-,チャージ,PayPay,ゆうちょ銀行 *****41,-,-,01904788575313764371
2025/01/10 20:13:32,509,-,-,-,-,-,支払い,ローソン - 品川戸越公園駅前,"PayPayポイント (299円), PayPay残高 (210円)",-,-,04615904535519846400
2025/01/10 20:13:32,-,2,-,-,-,-,ポイント、残高の獲得,ローソン,PayPayポイント,-,-,04615904535519846400
2025/01/10 14:23:29,445,-,-,-,-,-,支払い,セリア - 2441西友三軒茶屋店,PayPayポイント,-,-,04615724121123315712
2025/01/10 14:23:29,-,2,-,-,-,-,ポイント、残高の獲得,セリア,PayPayポイント,-,-,04615724121123315712
2025/01/09 23:11:05,-,13,-,-,-,-,ポイント、残高の獲得,ファミリーマート,PayPayポイント,-,-,04615253865154347010
2025/01/09 23:11:05,"2,603",-,-,-,-,-,支払い,ファミリーマート - 三軒茶屋二丁目,PayPay残高,-,-,04615253865154347010
2025/01/09 23:10:38,-,"2,000",-,-,-,-,チャージ,PayPay,ゆうちょ銀行 *****41,-,-,01904105349096202240
2025/01/09 15:42:57,-,1,-,-,-,-,ポイント、残高の獲得,ファミリーマート,PayPayポイント,-,-,04615022898992570377
2025/01/09 15:42:57,366,-,-,-,-,-,支払い,ファミリーマート - 浅草雷門前,"PayPayポイント (6円), PayPay残高 (360円)",-,-,04615022898992570377
2025/01/08 22:10:32,-,6,-,-,-,-,ポイント、残高の獲得,ファミリーマート,PayPayポイント,-,-,04614480487572791300
2025/01/08 22:10:32,"1,305",-,-,-,-,-,支払い,ファミリーマート - 三軒茶屋二丁目,PayPay残高,-,-,04614480487572791300
2025/01/08 22:10:15,-,"1,000",-,-,-,-,チャージ,PayPay,ゆうちょ銀行 *****41,-,-,01903332057416409105
2025/01/08 20:22:13,-,9,-,-,-,-,ポイント、残高の獲得,anydeli,PayPayポイント,-,-,04614424661588238338
2025/01/08 20:22:13,"1,810",-,-,-,-,-,支払い,anydeli,PayPay残高,-,-,04614424661588238338
2025/01/08 20:22:11,-,"3,000",-,-,-,-,チャージ,PayPay,ゆうちょ銀行 *****41,-,-,01903276368870449152
2025/01/08 18:44:37,354,-,-,-,-,-,支払い,ローソン - Ａｂｅｍａ　Ｔｏｗｅｒｓ,PayPay残高,-,-,04614374367520931845
2025/01/08 18:44:37,-,1,-,-,-,-,ポイント、残高の獲得,ローソン,PayPayポイント,-,-,04614374367520931845
2025/01/08 14:01:18,221,-,-,-,-,-,支払い,ローソン - Ａｂｅｍａ　Ｔｏｗｅｒｓ,PayPay残高,-,-,04614228338633326594
2025/01/08 14:01:17,-,1,-,-,-,-,ポイント、残高の獲得,ローソン,PayPayポイント,-,-,04614228338633326594
2025/01/08 14:01:13,-,"1,000",-,-,-,-,チャージ,PayPay,ゆうちょ銀行 *****41,-,-,01903080011554037761
2025/01/08 11:04:29,519,-,-,-,-,-,支払い,ローソン - Ａｂｅｍａ　Ｔｏｗｅｒｓ,"PayPayポイント (4円), PayPay残高 (515円)",-,-,04614137216606674949
2025/01/08 11:04:29,-,2,-,-,-,-,ポイント、残高の獲得,ローソン,PayPayポイント,-,-,04614137216606674949
2025/01/07 20:57:27,386,-,-,-,-,-,支払い,セブン-イレブン - 世田谷三軒茶屋２丁目,PayPay残高,-,-,04613700658951061507
2025/01/07 20:57:27,-,1,-,-,-,-,ポイント、残高の獲得,セブン-イレブン,PayPayポイント,-,-,04613700658951061507
2025/01/07 20:41:37,-,19,-,-,-,-,ポイント、残高の獲得,イケア,PayPayポイント,-,-,04613692489922994178
2025/01/07 20:41:36,"3,999",-,-,-,-,-,支払い,イケア - IKEA渋谷,PayPay残高,-,-,04613692489922994178
2025/01/07 20:41:31,-,"4,000",-,-,-,-,チャージ,PayPay,ゆうちょ銀行 *****41,-,-,01902544154255892493
2025/01/07 16:55:46,75,-,-,-,-,-,支払い,ローソン - Ａｂｅｍａ　Ｔｏｗｅｒｓ,PayPay残高,-,-,04613576096309772288
2025/01/07 12:40:56,-,13,-,-,-,-,ポイント、残高の獲得,ラムラ  クリオネ会員店,PayPayポイント,-,-,04613444747619549188
2025/01/07 12:40:56,"2,700",-,-,-,-,-,支払い,ラムラ  クリオネ会員店 - N9Y 奥渋谷店,"PayPayポイント (23円), PayPay残高 (2,677円)",-,-,04613444747619549188
2025/01/07 12:40:51,-,"3,000",-,-,-,-,チャージ,PayPay,ゆうちょ銀行 *****41,-,-,01902296420542996486
2025/01/07 00:19:59,189,-,-,-,-,-,支払い,ファミリーマート - 三軒茶屋二丁目,PayPay残高,-,-,04613062864897327106
2025/01/07 00:19:33,-,13,-,-,-,-,ポイント、残高の獲得,ファミリーマート,PayPayポイント,-,-,04613062641559379971
2025/01/07 00:19:33,"2,739",-,-,-,-,-,支払い,ファミリーマート - 三軒茶屋二丁目,PayPay残高,-,-,04613062641559379971
2025/01/07 00:19:24,-,"3,000",-,-,-,-,チャージ,PayPay,ゆうちょ銀行 *****41,-,-,01901914280120541186
2025/01/06 16:51:24,292,-,-,-,-,-,支払い,ローソン - 羽田空港第二ターミナル,PayPay残高,-,-,04612831675397578754
2025/01/06 16:51:24,-,1,-,-,-,-,ポイント、残高の獲得,ローソン,PayPayポイント,-,-,04612831675397578754
2025/01/06 13:45:23,-,7,-,-,-,-,ポイント、残高の獲得,阿蘇くまもと空港,PayPayポイント,-,-,04612735794548137985
2025/01/06 13:45:23,"1,481",-,-,-,-,-,支払い,阿蘇くまもと空港 - 旬彩館,"PayPayポイント (10円), PayPay残高 (1,471円)",-,-,04612735794548137985
2025/01/06 13:45:09,-,"2,000",-,-,-,-,チャージ,PayPay,ゆうちょ銀行 *****41,-,-,01901587398751838216
2025/01/05 19:04:35,"5,000",-,-,-,-,-,送った金額,Riku Kurtti,PayPay残高,-,-,01901009854496563204
2025/01/05 19:03:38,-,"1,000",-,-,-,-,チャージ,PayPay,ゆうちょ銀行 *****41,-,-,01901009373460406273
2025/01/04 21:58:22,-,79,-,-,-,-,ポイント、残高の獲得,MKレストラン,PayPayポイント,-,-,04611505535525568513
2025/01/04 21:58:22,"15,926",-,-,-,-,-,支払い,MKレストラン - MKレストラン菊陽光の森店,PayPay残高,-,-,04611505535525568513
2025/01/04 21:58:12,-,"20,000",-,-,-,-,チャージ,PayPay,ゆうちょ銀行 *****41,-,-,01900357165499457547
2025/01/04 11:33:32,-,14,-,-,-,-,ポイント、残高の獲得,日々麹舎,PayPayポイント,-,-,04611183498877968391
2025/01/04 11:33:32,"2,860",-,-,-,-,-,支払い,日々麹舎 - 日々麹舎　うまかもん食堂,"PayPayポイント (4円), PayPay残高 (2,856円)",-,-,04611183498877968391
2025/01/03 23:00:20,-,1,-,-,-,-,ポイント、残高の獲得,ローソン,PayPayポイント,-,-,04610795302553837569
2025/01/03 23:00:20,395,-,-,-,-,-,支払い,ローソン - 熊本新市街パーキング,PayPay残高,-,-,04610795302553837569
2025/01/03 22:49:52,-,2,-,-,-,-,ポイント、残高の獲得,ファミリーマート,PayPayポイント,-,-,04610789908074881025
2025/01/03 22:49:52,435,-,-,-,-,-,支払い,ファミリーマート - 熊本新市街,PayPay残高,-,-,04610789908074881025
2025/01/03 19:39:08,-,44,-,-,-,-,ポイント、残高の獲得,鳥貴族,PayPayポイント,-,-,04610691604863426562
2025/01/03 19:39:07,"8,880",-,-,-,-,-,支払い,鳥貴族 - 熊本下通店,"PayPayポイント (6円), PayPay残高 (8,874円)",-,-,04610691604863426562
2025/01/03 19:38:15,-,"10,000",-,-,-,-,チャージ,PayPay,ゆうちょ銀行 *****41,-,-,01899542874057138180
2025/01/01 21:39:47,"1,319",-,-,-,-,-,支払い,ローソン - 熊本北郵便局前,PayPay残高,-,-,04609269446702252032
2025/01/01 21:39:46,-,6,-,-,-,-,ポイント、残高の獲得,ローソン,PayPayポイント,-,-,04609269446702252032
2025/01/01 14:09:36,"1,000",-,-,-,-,-,送った金額,ゆち,PayPay残高,-,-,01897889148435406856
2025/01/01 13:48:35,108,-,-,-,-,-,支払い,ファミリーマート - 阿蘇市役所前,"PayPayポイント (6円), PayPay残高 (102円)",-,-,04609026592071409666